-- phpMyAdmin SQL Dump
-- version 4.7.4
-- https://www.phpmyadmin.net/
--
-- Host: 127.0.0.1
-- Generation Time: May 02, 2018 at 01:06 PM
-- Server version: 10.1.29-MariaDB
-- PHP Version: 7.2.0

SET SQL_MODE = "NO_AUTO_VALUE_ON_ZERO";
SET AUTOCOMMIT = 0;
START TRANSACTION;
SET time_zone = "+00:00";


/*!40101 SET @OLD_CHARACTER_SET_CLIENT=@@CHARACTER_SET_CLIENT */;
/*!40101 SET @OLD_CHARACTER_SET_RESULTS=@@CHARACTER_SET_RESULTS */;
/*!40101 SET @OLD_COLLATION_CONNECTION=@@COLLATION_CONNECTION */;
/*!40101 SET NAMES utf8mb4 */;

--
-- Database: `xshop`
--

-- --------------------------------------------------------

--
-- Table structure for table `binh_luan`
--

CREATE TABLE `binh_luan` (
  `ma_bl` int(11) NOT NULL,
  `ma_kh` varchar(20) COLLATE utf8_bin NOT NULL,
  `ma_hh` int(11) NOT NULL,
  `noi_dung` varchar(100) COLLATE utf8_bin NOT NULL,
  `ngay_bl` date NOT NULL
) ENGINE=InnoDB DEFAULT CHARSET=utf8 COLLATE=utf8_bin;

--
-- Dumping data for table `binh_luan`
--

INSERT INTO `binh_luan` (`ma_bl`, `ma_kh`, `ma_hh`, `noi_dung`, `ngay_bl`) VALUES
(9, 'HoaPT', 1004, 'Hello', '0000-00-00'),
(10, 'HoaPT', 1004, 'Chào', '0000-00-00'),
(11, 'HoaPT', 1004, 'Sản phẩm này rất tệ', '0000-00-00'),
(15, 'HoaPT', 1031, 'Công cha như núi thái sơn', '2018-04-24'),
(16, 'HoaPT', 1031, 'Nghĩa mẹ như nước trong nguồn chảy ra', '2018-04-24'),
(20, 'DucNH', 1001, 'Sản phẩm rất tốt', '2018-04-24'),
(22, 'HoaPT', 1025, 'Công cha như núi thái sơn', '2018-04-24'),
(23, 'HoaPT', 1025, 'Nghĩa mẹ như nước trong nguồn chảy ra', '2018-04-24'),
(24, 'HoaPT', 1005, 'Sản phẩm rất tốt', '2018-04-29'),
(25, 'DucNH', 1005, 'Máy ảnh này rất hiện đại, độ nét rất cao', '2018-04-29'),
(26, 'HoaPT', 1035, 'Hàng này tốt lắm', '2018-05-01'),
(27, 'HoaPT', 1001, 'Hello', '2018-05-01'),
(28, 'HoaPT', 1001, 'Hello', '2018-05-01'),
(29, 'HoaPT', 1001, 'Ý tưởng tồi quá', '2018-05-01');

-- --------------------------------------------------------

--
-- Table structure for table `hang_hoa`
--

CREATE TABLE `hang_hoa` (
  `ma_hh` int(11) NOT NULL,
  `ten_hh` varchar(60) COLLATE utf8_bin NOT NULL,
  `don_gia` float NOT NULL,
  `giam_gia` float NOT NULL,
  `hinh` varchar(50) COLLATE utf8_bin NOT NULL,
  `ma_loai` int(11) NOT NULL,
  `dac_biet` bit(1) NOT NULL,
  `so_luot_xem` int(11) NOT NULL,
  `ngay_nhap` date NOT NULL,
  `mo_ta` varchar(2000) COLLATE utf8_bin DEFAULT NULL
) ENGINE=InnoDB DEFAULT CHARSET=utf8 COLLATE=utf8_bin;

--
-- Dumping data for table `hang_hoa`
--

INSERT INTO `hang_hoa` (`ma_hh`, `ten_hh`, `don_gia`, `giam_gia`, `hinh`, `ma_loai`, `dac_biet`, `so_luot_xem`, `ngay_nhap`, `mo_ta`) VALUES
(1001, 'Aniseed Syrup', 190, 0, '1001.jpg', 1000, b'1', 16, '2018-04-24', 'Sáng nay (ngày 20/4), TAND thành phố Yên Bái (tỉnh Yên Bái) mở phiên sơ thẩm xét xử Lê Duy Phong (33 tuổi, cựu trưởng ban bạn đọc báo điện tử Giáo dục Việt Nam) về hành vi cưỡng đoạt tài sản, theo điều 170 Bộ luật hình sự 2015, khung hình phạt 7-15 năm tù.\r\n\r\nBị cáo Phong có ba luật sư bào chữa. Phiên xử dự kiến diễn ra trong một ngày với bảy người làm chứng bị triệu tập.\r\n\r\nTừ sáng sớm, an ninh tại TAND thành phố Yên Bái được thắt chặt. Hơn 50 người ngồi chật cứng trong phòng xét xử. Phóng viên tác nghiệp ở phòng riêng song chỉ có 12 chỗ nên nhiều người ngồi ngay trước phòng xử và theo dõi qua loa.\r\n\r\nTheo thông báo của thư ký phiên tòa, HĐXX triệu tập một phụ nữ tên Nhàn đến làm chứng song chị này vắng mặt. '),
(1002, 'Change', 19, 0, '1002.jpg', 1000, b'0', 51, '2018-04-20', 'Sáng nay (ngày 20/4), TAND thành phố Yên Bái (tỉnh Yên Bái) mở phiên sơ thẩm xét xử Lê Duy Phong (33 tuổi, cựu trưởng ban bạn đọc báo điện tử Giáo dục Việt Nam) về hành vi cưỡng đoạt tài sản, theo điều 170 Bộ luật hình sự 2015, khung hình phạt 7-15 năm tù.\r\n\r\nBị cáo Phong có ba luật sư bào chữa. Phiên xử dự kiến diễn ra trong một ngày với bảy người làm chứng bị triệu tập.\r\n\r\nTừ sáng sớm, an ninh tại TAND thành phố Yên Bái được thắt chặt. Hơn 50 người ngồi chật cứng trong phòng xét xử. Phóng viên tác nghiệp ở phòng riêng song chỉ có 12 chỗ nên nhiều người ngồi ngay trước phòng xử và theo dõi qua loa.\r\n\r\nTheo thông báo của thư ký phiên tòa, HĐXX triệu tập một phụ nữ tên Nhàn đến làm chứng song chị này vắng mặt. '),
(1003, 'Aniseed Syrup 2018', 10, 0, '1003.jpg', 1001, b'0', 1, '2018-04-26', 'Sáng nay (ngày 20/4), TAND thành phố Yên Bái (tỉnh Yên Bái) mở phiên sơ thẩm xét xử Lê Duy Phong (33 tuổi, cựu trưởng ban bạn đọc báo điện tử Giáo dục Việt Nam) về hành vi cưỡng đoạt tài sản, theo điều 170 Bộ luật hình sự 2015, khung hình phạt 7-15 năm tù.\r\n\r\nBị cáo Phong có ba luật sư bào chữa. Phiên xử dự kiến diễn ra trong một ngày với bảy người làm chứng bị triệu tập.\r\n\r\nTừ sáng sớm, an ninh tại TAND thành phố Yên Bái được thắt chặt. Hơn 50 người ngồi chật cứng trong phòng xét xử. Phóng viên tác nghiệp ở phòng riêng song chỉ có 12 chỗ nên nhiều người ngồi ngay trước phòng xử và theo dõi qua loa.\r\n\r\nTheo thông báo của thư ký phiên tòa, HĐXX triệu tập một phụ nữ tên Nhàn đến làm chứng song chị này vắng mặt. '),
(1004, 'Chef Anton\'s Cajun Seasoning', 22, 0, '1004.jpg', 1001, b'1', 27, '2018-04-20', 'Sáng nay (ngày 20/4), TAND thành phố Yên Bái (tỉnh Yên Bái) mở phiên sơ thẩm xét xử Lê Duy Phong (33 tuổi, cựu trưởng ban bạn đọc báo điện tử Giáo dục Việt Nam) về hành vi cưỡng đoạt tài sản, theo điều 170 Bộ luật hình sự 2015, khung hình phạt 7-15 năm tù.\r\n\r\nBị cáo Phong có ba luật sư bào chữa. Phiên xử dự kiến diễn ra trong một ngày với bảy người làm chứng bị triệu tập.\r\n\r\nTừ sáng sớm, an ninh tại TAND thành phố Yên Bái được thắt chặt. Hơn 50 người ngồi chật cứng trong phòng xét xử. Phóng viên tác nghiệp ở phòng riêng song chỉ có 12 chỗ nên nhiều người ngồi ngay trước phòng xử và theo dõi qua loa.\r\n\r\nTheo thông báo của thư ký phiên tòa, HĐXX triệu tập một phụ nữ tên Nhàn đến làm chứng song chị này vắng mặt. '),
(1005, 'Chef Anton\'s Gumbo Mix', 21.35, 0, '1005.jpg', 1002, b'0', 34, '2018-04-20', 'Sáng nay (ngày 20/4), TAND thành phố Yên Bái (tỉnh Yên Bái) mở phiên sơ thẩm xét xử Lê Duy Phong (33 tuổi, cựu trưởng ban bạn đọc báo điện tử Giáo dục Việt Nam) về hành vi cưỡng đoạt tài sản, theo điều 170 Bộ luật hình sự 2015, khung hình phạt 7-15 năm tù.\r\n\r\nBị cáo Phong có ba luật sư bào chữa. Phiên xử dự kiến diễn ra trong một ngày với bảy người làm chứng bị triệu tập.\r\n\r\nTừ sáng sớm, an ninh tại TAND thành phố Yên Bái được thắt chặt. Hơn 50 người ngồi chật cứng trong phòng xét xử. Phóng viên tác nghiệp ở phòng riêng song chỉ có 12 chỗ nên nhiều người ngồi ngay trước phòng xử và theo dõi qua loa.\r\n\r\nTheo thông báo của thư ký phiên tòa, HĐXX triệu tập một phụ nữ tên Nhàn đến làm chứng song chị này vắng mặt. '),
(1006, 'Grandma\'s Boysenberry Spread', 25, 0, '1006.jpg', 1001, b'0', 25, '2018-04-20', 'Sáng nay (ngày 20/4), TAND thành phố Yên Bái (tỉnh Yên Bái) mở phiên sơ thẩm xét xử Lê Duy Phong (33 tuổi, cựu trưởng ban bạn đọc báo điện tử Giáo dục Việt Nam) về hành vi cưỡng đoạt tài sản, theo điều 170 Bộ luật hình sự 2015, khung hình phạt 7-15 năm tù.\r\n\r\nBị cáo Phong có ba luật sư bào chữa. Phiên xử dự kiến diễn ra trong một ngày với bảy người làm chứng bị triệu tập.\r\n\r\nTừ sáng sớm, an ninh tại TAND thành phố Yên Bái được thắt chặt. Hơn 50 người ngồi chật cứng trong phòng xét xử. Phóng viên tác nghiệp ở phòng riêng song chỉ có 12 chỗ nên nhiều người ngồi ngay trước phòng xử và theo dõi qua loa.\r\n\r\nTheo thông báo của thư ký phiên tòa, HĐXX triệu tập một phụ nữ tên Nhàn đến làm chứng song chị này vắng mặt. '),
(1007, 'Uncle Bob\'s Organic Dried Pears', 30, 0, '1007.jpg', 1006, b'0', 30, '2018-04-20', 'Sáng nay (ngày 20/4), TAND thành phố Yên Bái (tỉnh Yên Bái) mở phiên sơ thẩm xét xử Lê Duy Phong (33 tuổi, cựu trưởng ban bạn đọc báo điện tử Giáo dục Việt Nam) về hành vi cưỡng đoạt tài sản, theo điều 170 Bộ luật hình sự 2015, khung hình phạt 7-15 năm tù.\r\n\r\nBị cáo Phong có ba luật sư bào chữa. Phiên xử dự kiến diễn ra trong một ngày với bảy người làm chứng bị triệu tập.\r\n\r\nTừ sáng sớm, an ninh tại TAND thành phố Yên Bái được thắt chặt. Hơn 50 người ngồi chật cứng trong phòng xét xử. Phóng viên tác nghiệp ở phòng riêng song chỉ có 12 chỗ nên nhiều người ngồi ngay trước phòng xử và theo dõi qua loa.\r\n\r\nTheo thông báo của thư ký phiên tòa, HĐXX triệu tập một phụ nữ tên Nhàn đến làm chứng song chị này vắng mặt. '),
(1008, 'Northwoods Cranberry Sauce', 40, 0, '1008.jpg', 1001, b'0', 41, '2018-04-20', 'Sáng nay (ngày 20/4), TAND thành phố Yên Bái (tỉnh Yên Bái) mở phiên sơ thẩm xét xử Lê Duy Phong (33 tuổi, cựu trưởng ban bạn đọc báo điện tử Giáo dục Việt Nam) về hành vi cưỡng đoạt tài sản, theo điều 170 Bộ luật hình sự 2015, khung hình phạt 7-15 năm tù.\r\n\r\nBị cáo Phong có ba luật sư bào chữa. Phiên xử dự kiến diễn ra trong một ngày với bảy người làm chứng bị triệu tập.\r\n\r\nTừ sáng sớm, an ninh tại TAND thành phố Yên Bái được thắt chặt. Hơn 50 người ngồi chật cứng trong phòng xét xử. Phóng viên tác nghiệp ở phòng riêng song chỉ có 12 chỗ nên nhiều người ngồi ngay trước phòng xử và theo dõi qua loa.\r\n\r\nTheo thông báo của thư ký phiên tòa, HĐXX triệu tập một phụ nữ tên Nhàn đến làm chứng song chị này vắng mặt. '),
(1009, 'Mishi Kobe Niku', 97, 0, '1009.jpg', 1005, b'0', 100, '2018-04-20', 'Sáng nay (ngày 20/4), TAND thành phố Yên Bái (tỉnh Yên Bái) mở phiên sơ thẩm xét xử Lê Duy Phong (33 tuổi, cựu trưởng ban bạn đọc báo điện tử Giáo dục Việt Nam) về hành vi cưỡng đoạt tài sản, theo điều 170 Bộ luật hình sự 2015, khung hình phạt 7-15 năm tù.\r\n\r\nBị cáo Phong có ba luật sư bào chữa. Phiên xử dự kiến diễn ra trong một ngày với bảy người làm chứng bị triệu tập.\r\n\r\nTừ sáng sớm, an ninh tại TAND thành phố Yên Bái được thắt chặt. Hơn 50 người ngồi chật cứng trong phòng xét xử. Phóng viên tác nghiệp ở phòng riêng song chỉ có 12 chỗ nên nhiều người ngồi ngay trước phòng xử và theo dõi qua loa.\r\n\r\nTheo thông báo của thư ký phiên tòa, HĐXX triệu tập một phụ nữ tên Nhàn đến làm chứng song chị này vắng mặt. '),
(1010, 'Ikura', 31, 0.2, '1010.jpg', 1007, b'0', 32, '2018-04-20', 'Sáng nay (ngày 20/4), TAND thành phố Yên Bái (tỉnh Yên Bái) mở phiên sơ thẩm xét xử Lê Duy Phong (33 tuổi, cựu trưởng ban bạn đọc báo điện tử Giáo dục Việt Nam) về hành vi cưỡng đoạt tài sản, theo điều 170 Bộ luật hình sự 2015, khung hình phạt 7-15 năm tù.\r\n\r\nBị cáo Phong có ba luật sư bào chữa. Phiên xử dự kiến diễn ra trong một ngày với bảy người làm chứng bị triệu tập.\r\n\r\nTừ sáng sớm, an ninh tại TAND thành phố Yên Bái được thắt chặt. Hơn 50 người ngồi chật cứng trong phòng xét xử. Phóng viên tác nghiệp ở phòng riêng song chỉ có 12 chỗ nên nhiều người ngồi ngay trước phòng xử và theo dõi qua loa.\r\n\r\nTheo thông báo của thư ký phiên tòa, HĐXX triệu tập một phụ nữ tên Nhàn đến làm chứng song chị này vắng mặt. '),
(1011, 'Queso Cabrales', 21, 0, '1011.jpg', 1003, b'0', 21, '2018-04-20', 'Sáng nay (ngày 20/4), TAND thành phố Yên Bái (tỉnh Yên Bái) mở phiên sơ thẩm xét xử Lê Duy Phong (33 tuổi, cựu trưởng ban bạn đọc báo điện tử Giáo dục Việt Nam) về hành vi cưỡng đoạt tài sản, theo điều 170 Bộ luật hình sự 2015, khung hình phạt 7-15 năm tù.\r\n\r\nBị cáo Phong có ba luật sư bào chữa. Phiên xử dự kiến diễn ra trong một ngày với bảy người làm chứng bị triệu tập.\r\n\r\nTừ sáng sớm, an ninh tại TAND thành phố Yên Bái được thắt chặt. Hơn 50 người ngồi chật cứng trong phòng xét xử. Phóng viên tác nghiệp ở phòng riêng song chỉ có 12 chỗ nên nhiều người ngồi ngay trước phòng xử và theo dõi qua loa.\r\n\r\nTheo thông báo của thư ký phiên tòa, HĐXX triệu tập một phụ nữ tên Nhàn đến làm chứng song chị này vắng mặt. '),
(1012, 'Queso Manchego La Pastora', 38, 0, '1012.jpg', 1003, b'0', 44, '2018-04-20', 'Sáng nay (ngày 20/4), TAND thành phố Yên Bái (tỉnh Yên Bái) mở phiên sơ thẩm xét xử Lê Duy Phong (33 tuổi, cựu trưởng ban bạn đọc báo điện tử Giáo dục Việt Nam) về hành vi cưỡng đoạt tài sản, theo điều 170 Bộ luật hình sự 2015, khung hình phạt 7-15 năm tù.\r\n\r\nBị cáo Phong có ba luật sư bào chữa. Phiên xử dự kiến diễn ra trong một ngày với bảy người làm chứng bị triệu tập.\r\n\r\nTừ sáng sớm, an ninh tại TAND thành phố Yên Bái được thắt chặt. Hơn 50 người ngồi chật cứng trong phòng xét xử. Phóng viên tác nghiệp ở phòng riêng song chỉ có 12 chỗ nên nhiều người ngồi ngay trước phòng xử và theo dõi qua loa.\r\n\r\nTheo thông báo của thư ký phiên tòa, HĐXX triệu tập một phụ nữ tên Nhàn đến làm chứng song chị này vắng mặt. '),
(1013, 'Konbu', 6, 0, '1013.jpg', 1007, b'0', 6, '2018-04-20', 'Sáng nay (ngày 20/4), TAND thành phố Yên Bái (tỉnh Yên Bái) mở phiên sơ thẩm xét xử Lê Duy Phong (33 tuổi, cựu trưởng ban bạn đọc báo điện tử Giáo dục Việt Nam) về hành vi cưỡng đoạt tài sản, theo điều 170 Bộ luật hình sự 2015, khung hình phạt 7-15 năm tù.\r\n\r\nBị cáo Phong có ba luật sư bào chữa. Phiên xử dự kiến diễn ra trong một ngày với bảy người làm chứng bị triệu tập.\r\n\r\nTừ sáng sớm, an ninh tại TAND thành phố Yên Bái được thắt chặt. Hơn 50 người ngồi chật cứng trong phòng xét xử. Phóng viên tác nghiệp ở phòng riêng song chỉ có 12 chỗ nên nhiều người ngồi ngay trước phòng xử và theo dõi qua loa.\r\n\r\nTheo thông báo của thư ký phiên tòa, HĐXX triệu tập một phụ nữ tên Nhàn đến làm chứng song chị này vắng mặt. '),
(1014, 'Tofu', 23.25, 0, '1014.jpg', 1006, b'0', 27, '2018-04-20', 'Sáng nay (ngày 20/4), TAND thành phố Yên Bái (tỉnh Yên Bái) mở phiên sơ thẩm xét xử Lê Duy Phong (33 tuổi, cựu trưởng ban bạn đọc báo điện tử Giáo dục Việt Nam) về hành vi cưỡng đoạt tài sản, theo điều 170 Bộ luật hình sự 2015, khung hình phạt 7-15 năm tù.\r\n\r\nBị cáo Phong có ba luật sư bào chữa. Phiên xử dự kiến diễn ra trong một ngày với bảy người làm chứng bị triệu tập.\r\n\r\nTừ sáng sớm, an ninh tại TAND thành phố Yên Bái được thắt chặt. Hơn 50 người ngồi chật cứng trong phòng xét xử. Phóng viên tác nghiệp ở phòng riêng song chỉ có 12 chỗ nên nhiều người ngồi ngay trước phòng xử và theo dõi qua loa.\r\n\r\nTheo thông báo của thư ký phiên tòa, HĐXX triệu tập một phụ nữ tên Nhàn đến làm chứng song chị này vắng mặt. '),
(1015, 'Genen Shouyu', 15.5, 0, '1015.jpg', 1001, b'1', 15, '2018-04-20', 'Sáng nay (ngày 20/4), TAND thành phố Yên Bái (tỉnh Yên Bái) mở phiên sơ thẩm xét xử Lê Duy Phong (33 tuổi, cựu trưởng ban bạn đọc báo điện tử Giáo dục Việt Nam) về hành vi cưỡng đoạt tài sản, theo điều 170 Bộ luật hình sự 2015, khung hình phạt 7-15 năm tù.\r\n\r\nBị cáo Phong có ba luật sư bào chữa. Phiên xử dự kiến diễn ra trong một ngày với bảy người làm chứng bị triệu tập.\r\n\r\nTừ sáng sớm, an ninh tại TAND thành phố Yên Bái được thắt chặt. Hơn 50 người ngồi chật cứng trong phòng xét xử. Phóng viên tác nghiệp ở phòng riêng song chỉ có 12 chỗ nên nhiều người ngồi ngay trước phòng xử và theo dõi qua loa.\r\n\r\nTheo thông báo của thư ký phiên tòa, HĐXX triệu tập một phụ nữ tên Nhàn đến làm chứng song chị này vắng mặt. '),
(1016, 'Pavlova', 17.45, 0.15, '1016.jpg', 1002, b'0', 17, '2018-04-20', 'Sáng nay (ngày 20/4), TAND thành phố Yên Bái (tỉnh Yên Bái) mở phiên sơ thẩm xét xử Lê Duy Phong (33 tuổi, cựu trưởng ban bạn đọc báo điện tử Giáo dục Việt Nam) về hành vi cưỡng đoạt tài sản, theo điều 170 Bộ luật hình sự 2015, khung hình phạt 7-15 năm tù.\r\n\r\nBị cáo Phong có ba luật sư bào chữa. Phiên xử dự kiến diễn ra trong một ngày với bảy người làm chứng bị triệu tập.\r\n\r\nTừ sáng sớm, an ninh tại TAND thành phố Yên Bái được thắt chặt. Hơn 50 người ngồi chật cứng trong phòng xét xử. Phóng viên tác nghiệp ở phòng riêng song chỉ có 12 chỗ nên nhiều người ngồi ngay trước phòng xử và theo dõi qua loa.\r\n\r\nTheo thông báo của thư ký phiên tòa, HĐXX triệu tập một phụ nữ tên Nhàn đến làm chứng song chị này vắng mặt. '),
(1017, 'Alice Mutton', 39, 0, '1017.jpg', 1005, b'0', 42, '2018-04-20', 'Sáng nay (ngày 20/4), TAND thành phố Yên Bái (tỉnh Yên Bái) mở phiên sơ thẩm xét xử Lê Duy Phong (33 tuổi, cựu trưởng ban bạn đọc báo điện tử Giáo dục Việt Nam) về hành vi cưỡng đoạt tài sản, theo điều 170 Bộ luật hình sự 2015, khung hình phạt 7-15 năm tù.\r\n\r\nBị cáo Phong có ba luật sư bào chữa. Phiên xử dự kiến diễn ra trong một ngày với bảy người làm chứng bị triệu tập.\r\n\r\nTừ sáng sớm, an ninh tại TAND thành phố Yên Bái được thắt chặt. Hơn 50 người ngồi chật cứng trong phòng xét xử. Phóng viên tác nghiệp ở phòng riêng song chỉ có 12 chỗ nên nhiều người ngồi ngay trước phòng xử và theo dõi qua loa.\r\n\r\nTheo thông báo của thư ký phiên tòa, HĐXX triệu tập một phụ nữ tên Nhàn đến làm chứng song chị này vắng mặt. '),
(1018, 'Carnarvon Tigers', 62.5, 0, '1018.jpg', 1007, b'0', 64, '2018-04-20', 'Sáng nay (ngày 20/4), TAND thành phố Yên Bái (tỉnh Yên Bái) mở phiên sơ thẩm xét xử Lê Duy Phong (33 tuổi, cựu trưởng ban bạn đọc báo điện tử Giáo dục Việt Nam) về hành vi cưỡng đoạt tài sản, theo điều 170 Bộ luật hình sự 2015, khung hình phạt 7-15 năm tù.\r\n\r\nBị cáo Phong có ba luật sư bào chữa. Phiên xử dự kiến diễn ra trong một ngày với bảy người làm chứng bị triệu tập.\r\n\r\nTừ sáng sớm, an ninh tại TAND thành phố Yên Bái được thắt chặt. Hơn 50 người ngồi chật cứng trong phòng xét xử. Phóng viên tác nghiệp ở phòng riêng song chỉ có 12 chỗ nên nhiều người ngồi ngay trước phòng xử và theo dõi qua loa.\r\n\r\nTheo thông báo của thư ký phiên tòa, HĐXX triệu tập một phụ nữ tên Nhàn đến làm chứng song chị này vắng mặt. '),
(1019, 'Teatime Chocolate Biscuits', 9.2, 0, '1019.jpg', 1002, b'1', 10, '2018-04-20', 'Sáng nay (ngày 20/4), TAND thành phố Yên Bái (tỉnh Yên Bái) mở phiên sơ thẩm xét xử Lê Duy Phong (33 tuổi, cựu trưởng ban bạn đọc báo điện tử Giáo dục Việt Nam) về hành vi cưỡng đoạt tài sản, theo điều 170 Bộ luật hình sự 2015, khung hình phạt 7-15 năm tù.\r\n\r\nBị cáo Phong có ba luật sư bào chữa. Phiên xử dự kiến diễn ra trong một ngày với bảy người làm chứng bị triệu tập.\r\n\r\nTừ sáng sớm, an ninh tại TAND thành phố Yên Bái được thắt chặt. Hơn 50 người ngồi chật cứng trong phòng xét xử. Phóng viên tác nghiệp ở phòng riêng song chỉ có 12 chỗ nên nhiều người ngồi ngay trước phòng xử và theo dõi qua loa.\r\n\r\nTheo thông báo của thư ký phiên tòa, HĐXX triệu tập một phụ nữ tên Nhàn đến làm chứng song chị này vắng mặt. '),
(1020, 'Sir Rodney\'s Marmalade', 81, 0.05, '1020.jpg', 1002, b'1', 2005, '2018-04-20', 'Sáng nay (ngày 20/4), TAND thành phố Yên Bái (tỉnh Yên Bái) mở phiên sơ thẩm xét xử Lê Duy Phong (33 tuổi, cựu trưởng ban bạn đọc báo điện tử Giáo dục Việt Nam) về hành vi cưỡng đoạt tài sản, theo điều 170 Bộ luật hình sự 2015, khung hình phạt 7-15 năm tù.\r\n\r\nBị cáo Phong có ba luật sư bào chữa. Phiên xử dự kiến diễn ra trong một ngày với bảy người làm chứng bị triệu tập.\r\n\r\nTừ sáng sớm, an ninh tại TAND thành phố Yên Bái được thắt chặt. Hơn 50 người ngồi chật cứng trong phòng xét xử. Phóng viên tác nghiệp ở phòng riêng song chỉ có 12 chỗ nên nhiều người ngồi ngay trước phòng xử và theo dõi qua loa.\r\n\r\nTheo thông báo của thư ký phiên tòa, HĐXX triệu tập một phụ nữ tên Nhàn đến làm chứng song chị này vắng mặt. '),
(1021, 'Sir Rodney\'s Scones', 10, 0, '1021.jpg', 1002, b'0', 10, '2018-04-20', 'Sáng nay (ngày 20/4), TAND thành phố Yên Bái (tỉnh Yên Bái) mở phiên sơ thẩm xét xử Lê Duy Phong (33 tuổi, cựu trưởng ban bạn đọc báo điện tử Giáo dục Việt Nam) về hành vi cưỡng đoạt tài sản, theo điều 170 Bộ luật hình sự 2015, khung hình phạt 7-15 năm tù.\r\n\r\nBị cáo Phong có ba luật sư bào chữa. Phiên xử dự kiến diễn ra trong một ngày với bảy người làm chứng bị triệu tập.\r\n\r\nTừ sáng sớm, an ninh tại TAND thành phố Yên Bái được thắt chặt. Hơn 50 người ngồi chật cứng trong phòng xét xử. Phóng viên tác nghiệp ở phòng riêng song chỉ có 12 chỗ nên nhiều người ngồi ngay trước phòng xử và theo dõi qua loa.\r\n\r\nTheo thông báo của thư ký phiên tòa, HĐXX triệu tập một phụ nữ tên Nhàn đến làm chứng song chị này vắng mặt. '),
(1022, 'Gustaf flower', 21, 0, '1022.jpg', 1004, b'0', 21, '2018-04-20', 'Sáng nay (ngày 20/4), TAND thành phố Yên Bái (tỉnh Yên Bái) mở phiên sơ thẩm xét xử Lê Duy Phong (33 tuổi, cựu trưởng ban bạn đọc báo điện tử Giáo dục Việt Nam) về hành vi cưỡng đoạt tài sản, theo điều 170 Bộ luật hình sự 2015, khung hình phạt 7-15 năm tù.\r\n\r\nBị cáo Phong có ba luật sư bào chữa. Phiên xử dự kiến diễn ra trong một ngày với bảy người làm chứng bị triệu tập.\r\n\r\nTừ sáng sớm, an ninh tại TAND thành phố Yên Bái được thắt chặt. Hơn 50 người ngồi chật cứng trong phòng xét xử. Phóng viên tác nghiệp ở phòng riêng song chỉ có 12 chỗ nên nhiều người ngồi ngay trước phòng xử và theo dõi qua loa.\r\n\r\nTheo thông báo của thư ký phiên tòa, HĐXX triệu tập một phụ nữ tên Nhàn đến làm chứng song chị này vắng mặt. '),
(1023, 'Tunnbr Korea', 9, 0, '1023.jpg', 1004, b'0', 12, '2018-04-20', 'Sáng nay (ngày 20/4), TAND thành phố Yên Bái (tỉnh Yên Bái) mở phiên sơ thẩm xét xử Lê Duy Phong (33 tuổi, cựu trưởng ban bạn đọc báo điện tử Giáo dục Việt Nam) về hành vi cưỡng đoạt tài sản, theo điều 170 Bộ luật hình sự 2015, khung hình phạt 7-15 năm tù.\r\n\r\nBị cáo Phong có ba luật sư bào chữa. Phiên xử dự kiến diễn ra trong một ngày với bảy người làm chứng bị triệu tập.\r\n\r\nTừ sáng sớm, an ninh tại TAND thành phố Yên Bái được thắt chặt. Hơn 50 người ngồi chật cứng trong phòng xét xử. Phóng viên tác nghiệp ở phòng riêng song chỉ có 12 chỗ nên nhiều người ngồi ngay trước phòng xử và theo dõi qua loa.\r\n\r\nTheo thông báo của thư ký phiên tòa, HĐXX triệu tập một phụ nữ tên Nhàn đến làm chứng song chị này vắng mặt. '),
(1024, 'Guarana¡ Fanta¡stica', 4.5, 0.05, '1024.jpg', 1000, b'1', 7, '2018-04-20', 'Sáng nay (ngày 20/4), TAND thành phố Yên Bái (tỉnh Yên Bái) mở phiên sơ thẩm xét xử Lê Duy Phong (33 tuổi, cựu trưởng ban bạn đọc báo điện tử Giáo dục Việt Nam) về hành vi cưỡng đoạt tài sản, theo điều 170 Bộ luật hình sự 2015, khung hình phạt 7-15 năm tù.\r\n\r\nBị cáo Phong có ba luật sư bào chữa. Phiên xử dự kiến diễn ra trong một ngày với bảy người làm chứng bị triệu tập.\r\n\r\nTừ sáng sớm, an ninh tại TAND thành phố Yên Bái được thắt chặt. Hơn 50 người ngồi chật cứng trong phòng xét xử. Phóng viên tác nghiệp ở phòng riêng song chỉ có 12 chỗ nên nhiều người ngồi ngay trước phòng xử và theo dõi qua loa.\r\n\r\nTheo thông báo của thư ký phiên tòa, HĐXX triệu tập một phụ nữ tên Nhàn đến làm chứng song chị này vắng mặt. '),
(1025, 'NuNuCa Nuaa-Nougat-Creme', 14, 0, '1025.jpg', 1002, b'0', 18, '2018-04-20', 'Sáng nay (ngày 20/4), TAND thành phố Yên Bái (tỉnh Yên Bái) mở phiên sơ thẩm xét xử Lê Duy Phong (33 tuổi, cựu trưởng ban bạn đọc báo điện tử Giáo dục Việt Nam) về hành vi cưỡng đoạt tài sản, theo điều 170 Bộ luật hình sự 2015, khung hình phạt 7-15 năm tù.\r\n\r\nBị cáo Phong có ba luật sư bào chữa. Phiên xử dự kiến diễn ra trong một ngày với bảy người làm chứng bị triệu tập.\r\n\r\nTừ sáng sớm, an ninh tại TAND thành phố Yên Bái được thắt chặt. Hơn 50 người ngồi chật cứng trong phòng xét xử. Phóng viên tác nghiệp ở phòng riêng song chỉ có 12 chỗ nên nhiều người ngồi ngay trước phòng xử và theo dõi qua loa.\r\n\r\nTheo thông báo của thư ký phiên tòa, HĐXX triệu tập một phụ nữ tên Nhàn đến làm chứng song chị này vắng mặt. '),
(1026, 'Gumbar Gummibarchen', 31.23, 0, '1026.jpg', 1002, b'0', 31, '2018-04-20', 'Sáng nay (ngày 20/4), TAND thành phố Yên Bái (tỉnh Yên Bái) mở phiên sơ thẩm xét xử Lê Duy Phong (33 tuổi, cựu trưởng ban bạn đọc báo điện tử Giáo dục Việt Nam) về hành vi cưỡng đoạt tài sản, theo điều 170 Bộ luật hình sự 2015, khung hình phạt 7-15 năm tù.\r\n\r\nBị cáo Phong có ba luật sư bào chữa. Phiên xử dự kiến diễn ra trong một ngày với bảy người làm chứng bị triệu tập.\r\n\r\nTừ sáng sớm, an ninh tại TAND thành phố Yên Bái được thắt chặt. Hơn 50 người ngồi chật cứng trong phòng xét xử. Phóng viên tác nghiệp ở phòng riêng song chỉ có 12 chỗ nên nhiều người ngồi ngay trước phòng xử và theo dõi qua loa.\r\n\r\nTheo thông báo của thư ký phiên tòa, HĐXX triệu tập một phụ nữ tên Nhàn đến làm chứng song chị này vắng mặt. '),
(1027, 'Schoggi Schokolade', 43.9, 0, '1027.jpg', 1002, b'0', 43, '2018-04-20', 'Sáng nay (ngày 20/4), TAND thành phố Yên Bái (tỉnh Yên Bái) mở phiên sơ thẩm xét xử Lê Duy Phong (33 tuổi, cựu trưởng ban bạn đọc báo điện tử Giáo dục Việt Nam) về hành vi cưỡng đoạt tài sản, theo điều 170 Bộ luật hình sự 2015, khung hình phạt 7-15 năm tù.\r\n\r\nBị cáo Phong có ba luật sư bào chữa. Phiên xử dự kiến diễn ra trong một ngày với bảy người làm chứng bị triệu tập.\r\n\r\nTừ sáng sớm, an ninh tại TAND thành phố Yên Bái được thắt chặt. Hơn 50 người ngồi chật cứng trong phòng xét xử. Phóng viên tác nghiệp ở phòng riêng song chỉ có 12 chỗ nên nhiều người ngồi ngay trước phòng xử và theo dõi qua loa.\r\n\r\nTheo thông báo của thư ký phiên tòa, HĐXX triệu tập một phụ nữ tên Nhàn đến làm chứng song chị này vắng mặt. '),
(1028, 'Russle Sauerkraut', 45.6, 0, '1028.jpg', 1006, b'0', 47, '2018-04-20', 'Sáng nay (ngày 20/4), TAND thành phố Yên Bái (tỉnh Yên Bái) mở phiên sơ thẩm xét xử Lê Duy Phong (33 tuổi, cựu trưởng ban bạn đọc báo điện tử Giáo dục Việt Nam) về hành vi cưỡng đoạt tài sản, theo điều 170 Bộ luật hình sự 2015, khung hình phạt 7-15 năm tù.\r\n\r\nBị cáo Phong có ba luật sư bào chữa. Phiên xử dự kiến diễn ra trong một ngày với bảy người làm chứng bị triệu tập.\r\n\r\nTừ sáng sớm, an ninh tại TAND thành phố Yên Bái được thắt chặt. Hơn 50 người ngồi chật cứng trong phòng xét xử. Phóng viên tác nghiệp ở phòng riêng song chỉ có 12 chỗ nên nhiều người ngồi ngay trước phòng xử và theo dõi qua loa.\r\n\r\nTheo thông báo của thư ký phiên tòa, HĐXX triệu tập một phụ nữ tên Nhàn đến làm chứng song chị này vắng mặt. '),
(1029, 'Tharinger Rostbratwurst', 123.79, 0, '1029.jpg', 1005, b'0', 138, '2018-04-20', 'Sáng nay (ngày 20/4), TAND thành phố Yên Bái (tỉnh Yên Bái) mở phiên sơ thẩm xét xử Lê Duy Phong (33 tuổi, cựu trưởng ban bạn đọc báo điện tử Giáo dục Việt Nam) về hành vi cưỡng đoạt tài sản, theo điều 170 Bộ luật hình sự 2015, khung hình phạt 7-15 năm tù.\r\n\r\nBị cáo Phong có ba luật sư bào chữa. Phiên xử dự kiến diễn ra trong một ngày với bảy người làm chứng bị triệu tập.\r\n\r\nTừ sáng sớm, an ninh tại TAND thành phố Yên Bái được thắt chặt. Hơn 50 người ngồi chật cứng trong phòng xét xử. Phóng viên tác nghiệp ở phòng riêng song chỉ có 12 chỗ nên nhiều người ngồi ngay trước phòng xử và theo dõi qua loa.\r\n\r\nTheo thông báo của thư ký phiên tòa, HĐXX triệu tập một phụ nữ tên Nhàn đến làm chứng song chị này vắng mặt. '),
(1030, 'Nord-Ost Matjeshering', 25.89, 0, '1030.jpg', 1007, b'0', 25, '2018-04-20', 'Sáng nay (ngày 20/4), TAND thành phố Yên Bái (tỉnh Yên Bái) mở phiên sơ thẩm xét xử Lê Duy Phong (33 tuổi, cựu trưởng ban bạn đọc báo điện tử Giáo dục Việt Nam) về hành vi cưỡng đoạt tài sản, theo điều 170 Bộ luật hình sự 2015, khung hình phạt 7-15 năm tù.\r\n\r\nBị cáo Phong có ba luật sư bào chữa. Phiên xử dự kiến diễn ra trong một ngày với bảy người làm chứng bị triệu tập.\r\n\r\nTừ sáng sớm, an ninh tại TAND thành phố Yên Bái được thắt chặt. Hơn 50 người ngồi chật cứng trong phòng xét xử. Phóng viên tác nghiệp ở phòng riêng song chỉ có 12 chỗ nên nhiều người ngồi ngay trước phòng xử và theo dõi qua loa.\r\n\r\nTheo thông báo của thư ký phiên tòa, HĐXX triệu tập một phụ nữ tên Nhàn đến làm chứng song chị này vắng mặt. '),
(1031, 'Gorgonzola Telino', 12.5, 0, '1031.jpg', 1003, b'0', 12, '2018-04-20', 'Sáng nay (ngày 20/4), TAND thành phố Yên Bái (tỉnh Yên Bái) mở phiên sơ thẩm xét xử Lê Duy Phong (33 tuổi, cựu trưởng ban bạn đọc báo điện tử Giáo dục Việt Nam) về hành vi cưỡng đoạt tài sản, theo điều 170 Bộ luật hình sự 2015, khung hình phạt 7-15 năm tù.\r\n\r\nBị cáo Phong có ba luật sư bào chữa. Phiên xử dự kiến diễn ra trong một ngày với bảy người làm chứng bị triệu tập.\r\n\r\nTừ sáng sớm, an ninh tại TAND thành phố Yên Bái được thắt chặt. Hơn 50 người ngồi chật cứng trong phòng xét xử. Phóng viên tác nghiệp ở phòng riêng song chỉ có 12 chỗ nên nhiều người ngồi ngay trước phòng xử và theo dõi qua loa.\r\n\r\nTheo thông báo của thư ký phiên tòa, HĐXX triệu tập một phụ nữ tên Nhàn đến làm chứng song chị này vắng mặt. '),
(1032, 'Mascarpone Fabioli', 32, 0, '1032.jpg', 1003, b'0', 34, '2018-04-20', 'Sáng nay (ngày 20/4), TAND thành phố Yên Bái (tỉnh Yên Bái) mở phiên sơ thẩm xét xử Lê Duy Phong (33 tuổi, cựu trưởng ban bạn đọc báo điện tử Giáo dục Việt Nam) về hành vi cưỡng đoạt tài sản, theo điều 170 Bộ luật hình sự 2015, khung hình phạt 7-15 năm tù.\r\n\r\nBị cáo Phong có ba luật sư bào chữa. Phiên xử dự kiến diễn ra trong một ngày với bảy người làm chứng bị triệu tập.\r\n\r\nTừ sáng sớm, an ninh tại TAND thành phố Yên Bái được thắt chặt. Hơn 50 người ngồi chật cứng trong phòng xét xử. Phóng viên tác nghiệp ở phòng riêng song chỉ có 12 chỗ nên nhiều người ngồi ngay trước phòng xử và theo dõi qua loa.\r\n\r\nTheo thông báo của thư ký phiên tòa, HĐXX triệu tập một phụ nữ tên Nhàn đến làm chứng song chị này vắng mặt. '),
(1033, 'Geitost', 2.5, 0, '1033.png', 1003, b'0', 2, '2018-04-20', 'Sáng nay (ngày 20/4), TAND thành phố Yên Bái (tỉnh Yên Bái) mở phiên sơ thẩm xét xử Lê Duy Phong (33 tuổi, cựu trưởng ban bạn đọc báo điện tử Giáo dục Việt Nam) về hành vi cưỡng đoạt tài sản, theo điều 170 Bộ luật hình sự 2015, khung hình phạt 7-15 năm tù.\r\n\r\nBị cáo Phong có ba luật sư bào chữa. Phiên xử dự kiến diễn ra trong một ngày với bảy người làm chứng bị triệu tập.\r\n\r\nTừ sáng sớm, an ninh tại TAND thành phố Yên Bái được thắt chặt. Hơn 50 người ngồi chật cứng trong phòng xét xử. Phóng viên tác nghiệp ở phòng riêng song chỉ có 12 chỗ nên nhiều người ngồi ngay trước phòng xử và theo dõi qua loa.\r\n\r\nTheo thông báo của thư ký phiên tòa, HĐXX triệu tập một phụ nữ tên Nhàn đến làm chứng song chị này vắng mặt. '),
(1034, 'Sasquatch Ale', 14, 0, '1034.jpg', 1000, b'0', 15, '2018-04-20', 'Sáng nay (ngày 20/4), TAND thành phố Yên Bái (tỉnh Yên Bái) mở phiên sơ thẩm xét xử Lê Duy Phong (33 tuổi, cựu trưởng ban bạn đọc báo điện tử Giáo dục Việt Nam) về hành vi cưỡng đoạt tài sản, theo điều 170 Bộ luật hình sự 2015, khung hình phạt 7-15 năm tù.\r\n\r\nBị cáo Phong có ba luật sư bào chữa. Phiên xử dự kiến diễn ra trong một ngày với bảy người làm chứng bị triệu tập.\r\n\r\nTừ sáng sớm, an ninh tại TAND thành phố Yên Bái được thắt chặt. Hơn 50 người ngồi chật cứng trong phòng xét xử. Phóng viên tác nghiệp ở phòng riêng song chỉ có 12 chỗ nên nhiều người ngồi ngay trước phòng xử và theo dõi qua loa.\r\n\r\nTheo thông báo của thư ký phiên tòa, HĐXX triệu tập một phụ nữ tên Nhàn đến làm chứng song chị này vắng mặt. '),
(1035, 'Steeleye Stout', 18, 0, '1035.jpg', 1000, b'0', 22, '2018-04-20', 'Sáng nay (ngày 20/4), TAND thành phố Yên Bái (tỉnh Yên Bái) mở phiên sơ thẩm xét xử Lê Duy Phong (33 tuổi, cựu trưởng ban bạn đọc báo điện tử Giáo dục Việt Nam) về hành vi cưỡng đoạt tài sản, theo điều 170 Bộ luật hình sự 2015, khung hình phạt 7-15 năm tù.\r\n\r\nBị cáo Phong có ba luật sư bào chữa. Phiên xử dự kiến diễn ra trong một ngày với bảy người làm chứng bị triệu tập.\r\n\r\nTừ sáng sớm, an ninh tại TAND thành phố Yên Bái được thắt chặt. Hơn 50 người ngồi chật cứng trong phòng xét xử. Phóng viên tác nghiệp ở phòng riêng song chỉ có 12 chỗ nên nhiều người ngồi ngay trước phòng xử và theo dõi qua loa.\r\n\r\nTheo thông báo của thư ký phiên tòa, HĐXX triệu tập một phụ nữ tên Nhàn đến làm chứng song chị này vắng mặt. '),
(1036, 'Inlagd Sill', 19, 0, '1036.jpg', 1007, b'0', 19, '2018-04-20', 'Sáng nay (ngày 20/4), TAND thành phố Yên Bái (tỉnh Yên Bái) mở phiên sơ thẩm xét xử Lê Duy Phong (33 tuổi, cựu trưởng ban bạn đọc báo điện tử Giáo dục Việt Nam) về hành vi cưỡng đoạt tài sản, theo điều 170 Bộ luật hình sự 2015, khung hình phạt 7-15 năm tù.\r\n\r\nBị cáo Phong có ba luật sư bào chữa. Phiên xử dự kiến diễn ra trong một ngày với bảy người làm chứng bị triệu tập.\r\n\r\nTừ sáng sớm, an ninh tại TAND thành phố Yên Bái được thắt chặt. Hơn 50 người ngồi chật cứng trong phòng xét xử. Phóng viên tác nghiệp ở phòng riêng song chỉ có 12 chỗ nên nhiều người ngồi ngay trước phòng xử và theo dõi qua loa.\r\n\r\nTheo thông báo của thư ký phiên tòa, HĐXX triệu tập một phụ nữ tên Nhàn đến làm chứng song chị này vắng mặt. '),
(1037, 'Gravad lax', 26, 0, '1037.jpg', 1007, b'0', 27, '2018-04-20', 'Sáng nay (ngày 20/4), TAND thành phố Yên Bái (tỉnh Yên Bái) mở phiên sơ thẩm xét xử Lê Duy Phong (33 tuổi, cựu trưởng ban bạn đọc báo điện tử Giáo dục Việt Nam) về hành vi cưỡng đoạt tài sản, theo điều 170 Bộ luật hình sự 2015, khung hình phạt 7-15 năm tù.\r\n\r\nBị cáo Phong có ba luật sư bào chữa. Phiên xử dự kiến diễn ra trong một ngày với bảy người làm chứng bị triệu tập.\r\n\r\nTừ sáng sớm, an ninh tại TAND thành phố Yên Bái được thắt chặt. Hơn 50 người ngồi chật cứng trong phòng xét xử. Phóng viên tác nghiệp ở phòng riêng song chỉ có 12 chỗ nên nhiều người ngồi ngay trước phòng xử và theo dõi qua loa.\r\n\r\nTheo thông báo của thư ký phiên tòa, HĐXX triệu tập một phụ nữ tên Nhàn đến làm chứng song chị này vắng mặt. '),
(1038, 'Cate de Blaye', 263.5, 0, '1038.jpg', 1000, b'0', 270, '2018-04-20', 'Sáng nay (ngày 20/4), TAND thành phố Yên Bái (tỉnh Yên Bái) mở phiên sơ thẩm xét xử Lê Duy Phong (33 tuổi, cựu trưởng ban bạn đọc báo điện tử Giáo dục Việt Nam) về hành vi cưỡng đoạt tài sản, theo điều 170 Bộ luật hình sự 2015, khung hình phạt 7-15 năm tù.\r\n\r\nBị cáo Phong có ba luật sư bào chữa. Phiên xử dự kiến diễn ra trong một ngày với bảy người làm chứng bị triệu tập.\r\n\r\nTừ sáng sớm, an ninh tại TAND thành phố Yên Bái được thắt chặt. Hơn 50 người ngồi chật cứng trong phòng xét xử. Phóng viên tác nghiệp ở phòng riêng song chỉ có 12 chỗ nên nhiều người ngồi ngay trước phòng xử và theo dõi qua loa.\r\n\r\nTheo thông báo của thư ký phiên tòa, HĐXX triệu tập một phụ nữ tên Nhàn đến làm chứng song chị này vắng mặt. '),
(1039, 'Chartreuse verte', 18, 0, '1039.jpg', 1000, b'0', 18, '2018-04-20', 'Sáng nay (ngày 20/4), TAND thành phố Yên Bái (tỉnh Yên Bái) mở phiên sơ thẩm xét xử Lê Duy Phong (33 tuổi, cựu trưởng ban bạn đọc báo điện tử Giáo dục Việt Nam) về hành vi cưỡng đoạt tài sản, theo điều 170 Bộ luật hình sự 2015, khung hình phạt 7-15 năm tù.\r\n\r\nBị cáo Phong có ba luật sư bào chữa. Phiên xử dự kiến diễn ra trong một ngày với bảy người làm chứng bị triệu tập.\r\n\r\nTừ sáng sớm, an ninh tại TAND thành phố Yên Bái được thắt chặt. Hơn 50 người ngồi chật cứng trong phòng xét xử. Phóng viên tác nghiệp ở phòng riêng song chỉ có 12 chỗ nên nhiều người ngồi ngay trước phòng xử và theo dõi qua loa.\r\n\r\nTheo thông báo của thư ký phiên tòa, HĐXX triệu tập một phụ nữ tên Nhàn đến làm chứng song chị này vắng mặt. '),
(1040, 'Boston Crab Meat', 18.4, 0, '1040.jpg', 1007, b'0', 18, '2018-04-20', 'Sáng nay (ngày 20/4), TAND thành phố Yên Bái (tỉnh Yên Bái) mở phiên sơ thẩm xét xử Lê Duy Phong (33 tuổi, cựu trưởng ban bạn đọc báo điện tử Giáo dục Việt Nam) về hành vi cưỡng đoạt tài sản, theo điều 170 Bộ luật hình sự 2015, khung hình phạt 7-15 năm tù.\r\n\r\nBị cáo Phong có ba luật sư bào chữa. Phiên xử dự kiến diễn ra trong một ngày với bảy người làm chứng bị triệu tập.\r\n\r\nTừ sáng sớm, an ninh tại TAND thành phố Yên Bái được thắt chặt. Hơn 50 người ngồi chật cứng trong phòng xét xử. Phóng viên tác nghiệp ở phòng riêng song chỉ có 12 chỗ nên nhiều người ngồi ngay trước phòng xử và theo dõi qua loa.\r\n\r\nTheo thông báo của thư ký phiên tòa, HĐXX triệu tập một phụ nữ tên Nhàn đến làm chứng song chị này vắng mặt. '),
(1041, 'Jack\'s New England Clam Chowder', 9.65, 0, '1041.jpg', 1007, b'0', 9, '2018-04-20', 'Sáng nay (ngày 20/4), TAND thành phố Yên Bái (tỉnh Yên Bái) mở phiên sơ thẩm xét xử Lê Duy Phong (33 tuổi, cựu trưởng ban bạn đọc báo điện tử Giáo dục Việt Nam) về hành vi cưỡng đoạt tài sản, theo điều 170 Bộ luật hình sự 2015, khung hình phạt 7-15 năm tù.\r\n\r\nBị cáo Phong có ba luật sư bào chữa. Phiên xử dự kiến diễn ra trong một ngày với bảy người làm chứng bị triệu tập.\r\n\r\nTừ sáng sớm, an ninh tại TAND thành phố Yên Bái được thắt chặt. Hơn 50 người ngồi chật cứng trong phòng xét xử. Phóng viên tác nghiệp ở phòng riêng song chỉ có 12 chỗ nên nhiều người ngồi ngay trước phòng xử và theo dõi qua loa.\r\n\r\nTheo thông báo của thư ký phiên tòa, HĐXX triệu tập một phụ nữ tên Nhàn đến làm chứng song chị này vắng mặt. '),
(1042, 'Singaporean Hokkien Fried Mee', 14, 0, '1042.jpg', 1004, b'0', 14, '2018-04-20', 'Sáng nay (ngày 20/4), TAND thành phố Yên Bái (tỉnh Yên Bái) mở phiên sơ thẩm xét xử Lê Duy Phong (33 tuổi, cựu trưởng ban bạn đọc báo điện tử Giáo dục Việt Nam) về hành vi cưỡng đoạt tài sản, theo điều 170 Bộ luật hình sự 2015, khung hình phạt 7-15 năm tù.\r\n\r\nBị cáo Phong có ba luật sư bào chữa. Phiên xử dự kiến diễn ra trong một ngày với bảy người làm chứng bị triệu tập.\r\n\r\nTừ sáng sớm, an ninh tại TAND thành phố Yên Bái được thắt chặt. Hơn 50 người ngồi chật cứng trong phòng xét xử. Phóng viên tác nghiệp ở phòng riêng song chỉ có 12 chỗ nên nhiều người ngồi ngay trước phòng xử và theo dõi qua loa.\r\n\r\nTheo thông báo của thư ký phiên tòa, HĐXX triệu tập một phụ nữ tên Nhàn đến làm chứng song chị này vắng mặt. '),
(1043, 'Ipoh Coffee', 46, 0, '1043.jpg', 1000, b'0', 46, '2018-04-20', 'Sáng nay (ngày 20/4), TAND thành phố Yên Bái (tỉnh Yên Bái) mở phiên sơ thẩm xét xử Lê Duy Phong (33 tuổi, cựu trưởng ban bạn đọc báo điện tử Giáo dục Việt Nam) về hành vi cưỡng đoạt tài sản, theo điều 170 Bộ luật hình sự 2015, khung hình phạt 7-15 năm tù.\r\n\r\nBị cáo Phong có ba luật sư bào chữa. Phiên xử dự kiến diễn ra trong một ngày với bảy người làm chứng bị triệu tập.\r\n\r\nTừ sáng sớm, an ninh tại TAND thành phố Yên Bái được thắt chặt. Hơn 50 người ngồi chật cứng trong phòng xét xử. Phóng viên tác nghiệp ở phòng riêng song chỉ có 12 chỗ nên nhiều người ngồi ngay trước phòng xử và theo dõi qua loa.\r\n\r\nTheo thông báo của thư ký phiên tòa, HĐXX triệu tập một phụ nữ tên Nhàn đến làm chứng song chị này vắng mặt. '),
(1044, 'Gula Malacca', 19.45, 0, '1044.jpg', 1001, b'0', 22, '2018-04-20', 'Sáng nay (ngày 20/4), TAND thành phố Yên Bái (tỉnh Yên Bái) mở phiên sơ thẩm xét xử Lê Duy Phong (33 tuổi, cựu trưởng ban bạn đọc báo điện tử Giáo dục Việt Nam) về hành vi cưỡng đoạt tài sản, theo điều 170 Bộ luật hình sự 2015, khung hình phạt 7-15 năm tù.\r\n\r\nBị cáo Phong có ba luật sư bào chữa. Phiên xử dự kiến diễn ra trong một ngày với bảy người làm chứng bị triệu tập.\r\n\r\nTừ sáng sớm, an ninh tại TAND thành phố Yên Bái được thắt chặt. Hơn 50 người ngồi chật cứng trong phòng xét xử. Phóng viên tác nghiệp ở phòng riêng song chỉ có 12 chỗ nên nhiều người ngồi ngay trước phòng xử và theo dõi qua loa.\r\n\r\nTheo thông báo của thư ký phiên tòa, HĐXX triệu tập một phụ nữ tên Nhàn đến làm chứng song chị này vắng mặt. '),
(1045, 'Rogede sild', 9.5, 0, '1045.jpg', 1007, b'0', 9, '2018-04-20', 'Sáng nay (ngày 20/4), TAND thành phố Yên Bái (tỉnh Yên Bái) mở phiên sơ thẩm xét xử Lê Duy Phong (33 tuổi, cựu trưởng ban bạn đọc báo điện tử Giáo dục Việt Nam) về hành vi cưỡng đoạt tài sản, theo điều 170 Bộ luật hình sự 2015, khung hình phạt 7-15 năm tù.\r\n\r\nBị cáo Phong có ba luật sư bào chữa. Phiên xử dự kiến diễn ra trong một ngày với bảy người làm chứng bị triệu tập.\r\n\r\nTừ sáng sớm, an ninh tại TAND thành phố Yên Bái được thắt chặt. Hơn 50 người ngồi chật cứng trong phòng xét xử. Phóng viên tác nghiệp ở phòng riêng song chỉ có 12 chỗ nên nhiều người ngồi ngay trước phòng xử và theo dõi qua loa.\r\n\r\nTheo thông báo của thư ký phiên tòa, HĐXX triệu tập một phụ nữ tên Nhàn đến làm chứng song chị này vắng mặt. '),
(1046, 'Spegesild', 12, 0, '1046.jpg', 1007, b'0', 12, '2018-04-20', 'Sáng nay (ngày 20/4), TAND thành phố Yên Bái (tỉnh Yên Bái) mở phiên sơ thẩm xét xử Lê Duy Phong (33 tuổi, cựu trưởng ban bạn đọc báo điện tử Giáo dục Việt Nam) về hành vi cưỡng đoạt tài sản, theo điều 170 Bộ luật hình sự 2015, khung hình phạt 7-15 năm tù.\r\n\r\nBị cáo Phong có ba luật sư bào chữa. Phiên xử dự kiến diễn ra trong một ngày với bảy người làm chứng bị triệu tập.\r\n\r\nTừ sáng sớm, an ninh tại TAND thành phố Yên Bái được thắt chặt. Hơn 50 người ngồi chật cứng trong phòng xét xử. Phóng viên tác nghiệp ở phòng riêng song chỉ có 12 chỗ nên nhiều người ngồi ngay trước phòng xử và theo dõi qua loa.\r\n\r\nTheo thông báo của thư ký phiên tòa, HĐXX triệu tập một phụ nữ tên Nhàn đến làm chứng song chị này vắng mặt. '),
(1047, 'Zaanse koeken', 9.5, 0, '1047.jpg', 1002, b'0', 9, '2018-04-20', 'Sáng nay (ngày 20/4), TAND thành phố Yên Bái (tỉnh Yên Bái) mở phiên sơ thẩm xét xử Lê Duy Phong (33 tuổi, cựu trưởng ban bạn đọc báo điện tử Giáo dục Việt Nam) về hành vi cưỡng đoạt tài sản, theo điều 170 Bộ luật hình sự 2015, khung hình phạt 7-15 năm tù.\r\n\r\nBị cáo Phong có ba luật sư bào chữa. Phiên xử dự kiến diễn ra trong một ngày với bảy người làm chứng bị triệu tập.\r\n\r\nTừ sáng sớm, an ninh tại TAND thành phố Yên Bái được thắt chặt. Hơn 50 người ngồi chật cứng trong phòng xét xử. Phóng viên tác nghiệp ở phòng riêng song chỉ có 12 chỗ nên nhiều người ngồi ngay trước phòng xử và theo dõi qua loa.\r\n\r\nTheo thông báo của thư ký phiên tòa, HĐXX triệu tập một phụ nữ tên Nhàn đến làm chứng song chị này vắng mặt. '),
(1048, 'Chocolade', 12.75, 0, '1048.jpg', 1002, b'0', 13, '2018-04-20', 'Sáng nay (ngày 20/4), TAND thành phố Yên Bái (tỉnh Yên Bái) mở phiên sơ thẩm xét xử Lê Duy Phong (33 tuổi, cựu trưởng ban bạn đọc báo điện tử Giáo dục Việt Nam) về hành vi cưỡng đoạt tài sản, theo điều 170 Bộ luật hình sự 2015, khung hình phạt 7-15 năm tù.\r\n\r\nBị cáo Phong có ba luật sư bào chữa. Phiên xử dự kiến diễn ra trong một ngày với bảy người làm chứng bị triệu tập.\r\n\r\nTừ sáng sớm, an ninh tại TAND thành phố Yên Bái được thắt chặt. Hơn 50 người ngồi chật cứng trong phòng xét xử. Phóng viên tác nghiệp ở phòng riêng song chỉ có 12 chỗ nên nhiều người ngồi ngay trước phòng xử và theo dõi qua loa.\r\n\r\nTheo thông báo của thư ký phiên tòa, HĐXX triệu tập một phụ nữ tên Nhàn đến làm chứng song chị này vắng mặt. '),
(1049, 'Maxilaku', 20, 0, '1049.jpg', 1002, b'0', 21, '2018-04-20', 'Sáng nay (ngày 20/4), TAND thành phố Yên Bái (tỉnh Yên Bái) mở phiên sơ thẩm xét xử Lê Duy Phong (33 tuổi, cựu trưởng ban bạn đọc báo điện tử Giáo dục Việt Nam) về hành vi cưỡng đoạt tài sản, theo điều 170 Bộ luật hình sự 2015, khung hình phạt 7-15 năm tù.\r\n\r\nBị cáo Phong có ba luật sư bào chữa. Phiên xử dự kiến diễn ra trong một ngày với bảy người làm chứng bị triệu tập.\r\n\r\nTừ sáng sớm, an ninh tại TAND thành phố Yên Bái được thắt chặt. Hơn 50 người ngồi chật cứng trong phòng xét xử. Phóng viên tác nghiệp ở phòng riêng song chỉ có 12 chỗ nên nhiều người ngồi ngay trước phòng xử và theo dõi qua loa.\r\n\r\nTheo thông báo của thư ký phiên tòa, HĐXX triệu tập một phụ nữ tên Nhàn đến làm chứng song chị này vắng mặt. '),
(1050, 'Valkoinen suklaa', 16.25, 0, '1050.jpg', 1002, b'0', 16, '2018-04-20', 'Sáng nay (ngày 20/4), TAND thành phố Yên Bái (tỉnh Yên Bái) mở phiên sơ thẩm xét xử Lê Duy Phong (33 tuổi, cựu trưởng ban bạn đọc báo điện tử Giáo dục Việt Nam) về hành vi cưỡng đoạt tài sản, theo điều 170 Bộ luật hình sự 2015, khung hình phạt 7-15 năm tù.\r\n\r\nBị cáo Phong có ba luật sư bào chữa. Phiên xử dự kiến diễn ra trong một ngày với bảy người làm chứng bị triệu tập.\r\n\r\nTừ sáng sớm, an ninh tại TAND thành phố Yên Bái được thắt chặt. Hơn 50 người ngồi chật cứng trong phòng xét xử. Phóng viên tác nghiệp ở phòng riêng song chỉ có 12 chỗ nên nhiều người ngồi ngay trước phòng xử và theo dõi qua loa.\r\n\r\nTheo thông báo của thư ký phiên tòa, HĐXX triệu tập một phụ nữ tên Nhàn đến làm chứng song chị này vắng mặt. '),
(1051, 'Manjimup Dried Apples', 53, 0, '1051.jpg', 1006, b'0', 55, '2018-04-20', 'Sáng nay (ngày 20/4), TAND thành phố Yên Bái (tỉnh Yên Bái) mở phiên sơ thẩm xét xử Lê Duy Phong (33 tuổi, cựu trưởng ban bạn đọc báo điện tử Giáo dục Việt Nam) về hành vi cưỡng đoạt tài sản, theo điều 170 Bộ luật hình sự 2015, khung hình phạt 7-15 năm tù.\r\n\r\nBị cáo Phong có ba luật sư bào chữa. Phiên xử dự kiến diễn ra trong một ngày với bảy người làm chứng bị triệu tập.\r\n\r\nTừ sáng sớm, an ninh tại TAND thành phố Yên Bái được thắt chặt. Hơn 50 người ngồi chật cứng trong phòng xét xử. Phóng viên tác nghiệp ở phòng riêng song chỉ có 12 chỗ nên nhiều người ngồi ngay trước phòng xử và theo dõi qua loa.\r\n\r\nTheo thông báo của thư ký phiên tòa, HĐXX triệu tập một phụ nữ tên Nhàn đến làm chứng song chị này vắng mặt. '),
(1052, 'Filo Mix', 7, 0, '1052.jpg', 1004, b'0', 7, '2018-04-20', 'Sáng nay (ngày 20/4), TAND thành phố Yên Bái (tỉnh Yên Bái) mở phiên sơ thẩm xét xử Lê Duy Phong (33 tuổi, cựu trưởng ban bạn đọc báo điện tử Giáo dục Việt Nam) về hành vi cưỡng đoạt tài sản, theo điều 170 Bộ luật hình sự 2015, khung hình phạt 7-15 năm tù.\r\n\r\nBị cáo Phong có ba luật sư bào chữa. Phiên xử dự kiến diễn ra trong một ngày với bảy người làm chứng bị triệu tập.\r\n\r\nTừ sáng sớm, an ninh tại TAND thành phố Yên Bái được thắt chặt. Hơn 50 người ngồi chật cứng trong phòng xét xử. Phóng viên tác nghiệp ở phòng riêng song chỉ có 12 chỗ nên nhiều người ngồi ngay trước phòng xử và theo dõi qua loa.\r\n\r\nTheo thông báo của thư ký phiên tòa, HĐXX triệu tập một phụ nữ tên Nhàn đến làm chứng song chị này vắng mặt. '),
(1053, 'Perth Pasties', 32.8, 0, '1053.jpg', 1005, b'0', 32, '2018-04-20', 'Sáng nay (ngày 20/4), TAND thành phố Yên Bái (tỉnh Yên Bái) mở phiên sơ thẩm xét xử Lê Duy Phong (33 tuổi, cựu trưởng ban bạn đọc báo điện tử Giáo dục Việt Nam) về hành vi cưỡng đoạt tài sản, theo điều 170 Bộ luật hình sự 2015, khung hình phạt 7-15 năm tù.\r\n\r\nBị cáo Phong có ba luật sư bào chữa. Phiên xử dự kiến diễn ra trong một ngày với bảy người làm chứng bị triệu tập.\r\n\r\nTừ sáng sớm, an ninh tại TAND thành phố Yên Bái được thắt chặt. Hơn 50 người ngồi chật cứng trong phòng xét xử. Phóng viên tác nghiệp ở phòng riêng song chỉ có 12 chỗ nên nhiều người ngồi ngay trước phòng xử và theo dõi qua loa.\r\n\r\nTheo thông báo của thư ký phiên tòa, HĐXX triệu tập một phụ nữ tên Nhàn đến làm chứng song chị này vắng mặt. '),
(1054, 'Tourtiare', 7.45, 0, '1054.jpg', 1005, b'0', 7, '2018-04-20', 'Sáng nay (ngày 20/4), TAND thành phố Yên Bái (tỉnh Yên Bái) mở phiên sơ thẩm xét xử Lê Duy Phong (33 tuổi, cựu trưởng ban bạn đọc báo điện tử Giáo dục Việt Nam) về hành vi cưỡng đoạt tài sản, theo điều 170 Bộ luật hình sự 2015, khung hình phạt 7-15 năm tù.\r\n\r\nBị cáo Phong có ba luật sư bào chữa. Phiên xử dự kiến diễn ra trong một ngày với bảy người làm chứng bị triệu tập.\r\n\r\nTừ sáng sớm, an ninh tại TAND thành phố Yên Bái được thắt chặt. Hơn 50 người ngồi chật cứng trong phòng xét xử. Phóng viên tác nghiệp ở phòng riêng song chỉ có 12 chỗ nên nhiều người ngồi ngay trước phòng xử và theo dõi qua loa.\r\n\r\nTheo thông báo của thư ký phiên tòa, HĐXX triệu tập một phụ nữ tên Nhàn đến làm chứng song chị này vắng mặt. '),
(1055, 'Pacta chinois', 24, 0, '1055.jpg', 1005, b'0', 24, '2018-04-20', 'Sáng nay (ngày 20/4), TAND thành phố Yên Bái (tỉnh Yên Bái) mở phiên sơ thẩm xét xử Lê Duy Phong (33 tuổi, cựu trưởng ban bạn đọc báo điện tử Giáo dục Việt Nam) về hành vi cưỡng đoạt tài sản, theo điều 170 Bộ luật hình sự 2015, khung hình phạt 7-15 năm tù.\r\n\r\nBị cáo Phong có ba luật sư bào chữa. Phiên xử dự kiến diễn ra trong một ngày với bảy người làm chứng bị triệu tập.\r\n\r\nTừ sáng sớm, an ninh tại TAND thành phố Yên Bái được thắt chặt. Hơn 50 người ngồi chật cứng trong phòng xét xử. Phóng viên tác nghiệp ở phòng riêng song chỉ có 12 chỗ nên nhiều người ngồi ngay trước phòng xử và theo dõi qua loa.\r\n\r\nTheo thông báo của thư ký phiên tòa, HĐXX triệu tập một phụ nữ tên Nhàn đến làm chứng song chị này vắng mặt. '),
(1056, 'Gnocchi di nonna Alice', 38, 0, '1056.jpg', 1004, b'0', 38, '2018-04-20', 'Sáng nay (ngày 20/4), TAND thành phố Yên Bái (tỉnh Yên Bái) mở phiên sơ thẩm xét xử Lê Duy Phong (33 tuổi, cựu trưởng ban bạn đọc báo điện tử Giáo dục Việt Nam) về hành vi cưỡng đoạt tài sản, theo điều 170 Bộ luật hình sự 2015, khung hình phạt 7-15 năm tù.\r\n\r\nBị cáo Phong có ba luật sư bào chữa. Phiên xử dự kiến diễn ra trong một ngày với bảy người làm chứng bị triệu tập.\r\n\r\nTừ sáng sớm, an ninh tại TAND thành phố Yên Bái được thắt chặt. Hơn 50 người ngồi chật cứng trong phòng xét xử. Phóng viên tác nghiệp ở phòng riêng song chỉ có 12 chỗ nên nhiều người ngồi ngay trước phòng xử và theo dõi qua loa.\r\n\r\nTheo thông báo của thư ký phiên tòa, HĐXX triệu tập một phụ nữ tên Nhàn đến làm chứng song chị này vắng mặt. '),
(1057, 'Ravioli Angelo', 19.5, 0, '1057.jpg', 1004, b'0', 20, '2018-04-20', 'Sáng nay (ngày 20/4), TAND thành phố Yên Bái (tỉnh Yên Bái) mở phiên sơ thẩm xét xử Lê Duy Phong (33 tuổi, cựu trưởng ban bạn đọc báo điện tử Giáo dục Việt Nam) về hành vi cưỡng đoạt tài sản, theo điều 170 Bộ luật hình sự 2015, khung hình phạt 7-15 năm tù.\r\n\r\nBị cáo Phong có ba luật sư bào chữa. Phiên xử dự kiến diễn ra trong một ngày với bảy người làm chứng bị triệu tập.\r\n\r\nTừ sáng sớm, an ninh tại TAND thành phố Yên Bái được thắt chặt. Hơn 50 người ngồi chật cứng trong phòng xét xử. Phóng viên tác nghiệp ở phòng riêng song chỉ có 12 chỗ nên nhiều người ngồi ngay trước phòng xử và theo dõi qua loa.\r\n\r\nTheo thông báo của thư ký phiên tòa, HĐXX triệu tập một phụ nữ tên Nhàn đến làm chứng song chị này vắng mặt. '),
(1058, 'Escargots de Bourgogne', 13.25, 0, '1058.jpg', 1007, b'0', 13, '2018-04-20', 'Sáng nay (ngày 20/4), TAND thành phố Yên Bái (tỉnh Yên Bái) mở phiên sơ thẩm xét xử Lê Duy Phong (33 tuổi, cựu trưởng ban bạn đọc báo điện tử Giáo dục Việt Nam) về hành vi cưỡng đoạt tài sản, theo điều 170 Bộ luật hình sự 2015, khung hình phạt 7-15 năm tù.\r\n\r\nBị cáo Phong có ba luật sư bào chữa. Phiên xử dự kiến diễn ra trong một ngày với bảy người làm chứng bị triệu tập.\r\n\r\nTừ sáng sớm, an ninh tại TAND thành phố Yên Bái được thắt chặt. Hơn 50 người ngồi chật cứng trong phòng xét xử. Phóng viên tác nghiệp ở phòng riêng song chỉ có 12 chỗ nên nhiều người ngồi ngay trước phòng xử và theo dõi qua loa.\r\n\r\nTheo thông báo của thư ký phiên tòa, HĐXX triệu tập một phụ nữ tên Nhàn đến làm chứng song chị này vắng mặt. '),
(1059, 'Raclette Courdavault', 55, 0, '1059.jpg', 1003, b'0', 58, '2018-04-20', 'Sáng nay (ngày 20/4), TAND thành phố Yên Bái (tỉnh Yên Bái) mở phiên sơ thẩm xét xử Lê Duy Phong (33 tuổi, cựu trưởng ban bạn đọc báo điện tử Giáo dục Việt Nam) về hành vi cưỡng đoạt tài sản, theo điều 170 Bộ luật hình sự 2015, khung hình phạt 7-15 năm tù.\r\n\r\nBị cáo Phong có ba luật sư bào chữa. Phiên xử dự kiến diễn ra trong một ngày với bảy người làm chứng bị triệu tập.\r\n\r\nTừ sáng sớm, an ninh tại TAND thành phố Yên Bái được thắt chặt. Hơn 50 người ngồi chật cứng trong phòng xét xử. Phóng viên tác nghiệp ở phòng riêng song chỉ có 12 chỗ nên nhiều người ngồi ngay trước phòng xử và theo dõi qua loa.\r\n\r\nTheo thông báo của thư ký phiên tòa, HĐXX triệu tập một phụ nữ tên Nhàn đến làm chứng song chị này vắng mặt. '),
(1060, 'Camembert Pierrot', 34, 0, '1060.jpg', 1003, b'0', 34, '2018-04-20', 'Sáng nay (ngày 20/4), TAND thành phố Yên Bái (tỉnh Yên Bái) mở phiên sơ thẩm xét xử Lê Duy Phong (33 tuổi, cựu trưởng ban bạn đọc báo điện tử Giáo dục Việt Nam) về hành vi cưỡng đoạt tài sản, theo điều 170 Bộ luật hình sự 2015, khung hình phạt 7-15 năm tù.\r\n\r\nBị cáo Phong có ba luật sư bào chữa. Phiên xử dự kiến diễn ra trong một ngày với bảy người làm chứng bị triệu tập.\r\n\r\nTừ sáng sớm, an ninh tại TAND thành phố Yên Bái được thắt chặt. Hơn 50 người ngồi chật cứng trong phòng xét xử. Phóng viên tác nghiệp ở phòng riêng song chỉ có 12 chỗ nên nhiều người ngồi ngay trước phòng xử và theo dõi qua loa.\r\n\r\nTheo thông báo của thư ký phiên tòa, HĐXX triệu tập một phụ nữ tên Nhàn đến làm chứng song chị này vắng mặt. '),
(1061, 'Sirop d\'aOrable', 28.5, 0, '1061.jpg', 1001, b'0', 28, '2018-04-20', 'Sáng nay (ngày 20/4), TAND thành phố Yên Bái (tỉnh Yên Bái) mở phiên sơ thẩm xét xử Lê Duy Phong (33 tuổi, cựu trưởng ban bạn đọc báo điện tử Giáo dục Việt Nam) về hành vi cưỡng đoạt tài sản, theo điều 170 Bộ luật hình sự 2015, khung hình phạt 7-15 năm tù.\r\n\r\nBị cáo Phong có ba luật sư bào chữa. Phiên xử dự kiến diễn ra trong một ngày với bảy người làm chứng bị triệu tập.\r\n\r\nTừ sáng sớm, an ninh tại TAND thành phố Yên Bái được thắt chặt. Hơn 50 người ngồi chật cứng trong phòng xét xử. Phóng viên tác nghiệp ở phòng riêng song chỉ có 12 chỗ nên nhiều người ngồi ngay trước phòng xử và theo dõi qua loa.\r\n\r\nTheo thông báo của thư ký phiên tòa, HĐXX triệu tập một phụ nữ tên Nhàn đến làm chứng song chị này vắng mặt. ');
INSERT INTO `hang_hoa` (`ma_hh`, `ten_hh`, `don_gia`, `giam_gia`, `hinh`, `ma_loai`, `dac_biet`, `so_luot_xem`, `ngay_nhap`, `mo_ta`) VALUES
(1062, 'Tarte au sucre', 49.3, 0, '1062.jpg', 1002, b'0', 53, '2018-04-20', 'Sáng nay (ngày 20/4), TAND thành phố Yên Bái (tỉnh Yên Bái) mở phiên sơ thẩm xét xử Lê Duy Phong (33 tuổi, cựu trưởng ban bạn đọc báo điện tử Giáo dục Việt Nam) về hành vi cưỡng đoạt tài sản, theo điều 170 Bộ luật hình sự 2015, khung hình phạt 7-15 năm tù.\r\n\r\nBị cáo Phong có ba luật sư bào chữa. Phiên xử dự kiến diễn ra trong một ngày với bảy người làm chứng bị triệu tập.\r\n\r\nTừ sáng sớm, an ninh tại TAND thành phố Yên Bái được thắt chặt. Hơn 50 người ngồi chật cứng trong phòng xét xử. Phóng viên tác nghiệp ở phòng riêng song chỉ có 12 chỗ nên nhiều người ngồi ngay trước phòng xử và theo dõi qua loa.\r\n\r\nTheo thông báo của thư ký phiên tòa, HĐXX triệu tập một phụ nữ tên Nhàn đến làm chứng song chị này vắng mặt. '),
(1063, 'Vegie-spread', 43.9, 0, '1063.jpg', 1001, b'0', 44, '2018-04-20', 'Sáng nay (ngày 20/4), TAND thành phố Yên Bái (tỉnh Yên Bái) mở phiên sơ thẩm xét xử Lê Duy Phong (33 tuổi, cựu trưởng ban bạn đọc báo điện tử Giáo dục Việt Nam) về hành vi cưỡng đoạt tài sản, theo điều 170 Bộ luật hình sự 2015, khung hình phạt 7-15 năm tù.\r\n\r\nBị cáo Phong có ba luật sư bào chữa. Phiên xử dự kiến diễn ra trong một ngày với bảy người làm chứng bị triệu tập.\r\n\r\nTừ sáng sớm, an ninh tại TAND thành phố Yên Bái được thắt chặt. Hơn 50 người ngồi chật cứng trong phòng xét xử. Phóng viên tác nghiệp ở phòng riêng song chỉ có 12 chỗ nên nhiều người ngồi ngay trước phòng xử và theo dõi qua loa.\r\n\r\nTheo thông báo của thư ký phiên tòa, HĐXX triệu tập một phụ nữ tên Nhàn đến làm chứng song chị này vắng mặt. '),
(1064, 'Wimmers gute Semmelknadel', 33.25, 0, '1064.jpg', 1004, b'0', 33, '2018-04-20', 'Sáng nay (ngày 20/4), TAND thành phố Yên Bái (tỉnh Yên Bái) mở phiên sơ thẩm xét xử Lê Duy Phong (33 tuổi, cựu trưởng ban bạn đọc báo điện tử Giáo dục Việt Nam) về hành vi cưỡng đoạt tài sản, theo điều 170 Bộ luật hình sự 2015, khung hình phạt 7-15 năm tù.\r\n\r\nBị cáo Phong có ba luật sư bào chữa. Phiên xử dự kiến diễn ra trong một ngày với bảy người làm chứng bị triệu tập.\r\n\r\nTừ sáng sớm, an ninh tại TAND thành phố Yên Bái được thắt chặt. Hơn 50 người ngồi chật cứng trong phòng xét xử. Phóng viên tác nghiệp ở phòng riêng song chỉ có 12 chỗ nên nhiều người ngồi ngay trước phòng xử và theo dõi qua loa.\r\n\r\nTheo thông báo của thư ký phiên tòa, HĐXX triệu tập một phụ nữ tên Nhàn đến làm chứng song chị này vắng mặt. '),
(1065, 'Louisiana Fiery Hot Pepper Sauce', 21.05, 0, '1065.jpg', 1001, b'0', 21, '2018-04-20', 'Sáng nay (ngày 20/4), TAND thành phố Yên Bái (tỉnh Yên Bái) mở phiên sơ thẩm xét xử Lê Duy Phong (33 tuổi, cựu trưởng ban bạn đọc báo điện tử Giáo dục Việt Nam) về hành vi cưỡng đoạt tài sản, theo điều 170 Bộ luật hình sự 2015, khung hình phạt 7-15 năm tù.\r\n\r\nBị cáo Phong có ba luật sư bào chữa. Phiên xử dự kiến diễn ra trong một ngày với bảy người làm chứng bị triệu tập.\r\n\r\nTừ sáng sớm, an ninh tại TAND thành phố Yên Bái được thắt chặt. Hơn 50 người ngồi chật cứng trong phòng xét xử. Phóng viên tác nghiệp ở phòng riêng song chỉ có 12 chỗ nên nhiều người ngồi ngay trước phòng xử và theo dõi qua loa.\r\n\r\nTheo thông báo của thư ký phiên tòa, HĐXX triệu tập một phụ nữ tên Nhàn đến làm chứng song chị này vắng mặt. '),
(1066, 'Louisiana Hot Spiced Okra', 17, 0, '1066.jpg', 1001, b'0', 19, '2018-04-20', 'Sáng nay (ngày 20/4), TAND thành phố Yên Bái (tỉnh Yên Bái) mở phiên sơ thẩm xét xử Lê Duy Phong (33 tuổi, cựu trưởng ban bạn đọc báo điện tử Giáo dục Việt Nam) về hành vi cưỡng đoạt tài sản, theo điều 170 Bộ luật hình sự 2015, khung hình phạt 7-15 năm tù.\r\n\r\nBị cáo Phong có ba luật sư bào chữa. Phiên xử dự kiến diễn ra trong một ngày với bảy người làm chứng bị triệu tập.\r\n\r\nTừ sáng sớm, an ninh tại TAND thành phố Yên Bái được thắt chặt. Hơn 50 người ngồi chật cứng trong phòng xét xử. Phóng viên tác nghiệp ở phòng riêng song chỉ có 12 chỗ nên nhiều người ngồi ngay trước phòng xử và theo dõi qua loa.\r\n\r\nTheo thông báo của thư ký phiên tòa, HĐXX triệu tập một phụ nữ tên Nhàn đến làm chứng song chị này vắng mặt. '),
(1067, 'Laughing Lumberjack Lager', 14, 0, '1067.jpg', 1000, b'0', 14, '2018-04-20', 'Sáng nay (ngày 20/4), TAND thành phố Yên Bái (tỉnh Yên Bái) mở phiên sơ thẩm xét xử Lê Duy Phong (33 tuổi, cựu trưởng ban bạn đọc báo điện tử Giáo dục Việt Nam) về hành vi cưỡng đoạt tài sản, theo điều 170 Bộ luật hình sự 2015, khung hình phạt 7-15 năm tù.\r\n\r\nBị cáo Phong có ba luật sư bào chữa. Phiên xử dự kiến diễn ra trong một ngày với bảy người làm chứng bị triệu tập.\r\n\r\nTừ sáng sớm, an ninh tại TAND thành phố Yên Bái được thắt chặt. Hơn 50 người ngồi chật cứng trong phòng xét xử. Phóng viên tác nghiệp ở phòng riêng song chỉ có 12 chỗ nên nhiều người ngồi ngay trước phòng xử và theo dõi qua loa.\r\n\r\nTheo thông báo của thư ký phiên tòa, HĐXX triệu tập một phụ nữ tên Nhàn đến làm chứng song chị này vắng mặt. '),
(1068, 'Scottish Longbreads', 12.5, 0, '1068.jpg', 1002, b'0', 13, '2018-04-20', 'Sáng nay (ngày 20/4), TAND thành phố Yên Bái (tỉnh Yên Bái) mở phiên sơ thẩm xét xử Lê Duy Phong (33 tuổi, cựu trưởng ban bạn đọc báo điện tử Giáo dục Việt Nam) về hành vi cưỡng đoạt tài sản, theo điều 170 Bộ luật hình sự 2015, khung hình phạt 7-15 năm tù.\r\n\r\nBị cáo Phong có ba luật sư bào chữa. Phiên xử dự kiến diễn ra trong một ngày với bảy người làm chứng bị triệu tập.\r\n\r\nTừ sáng sớm, an ninh tại TAND thành phố Yên Bái được thắt chặt. Hơn 50 người ngồi chật cứng trong phòng xét xử. Phóng viên tác nghiệp ở phòng riêng song chỉ có 12 chỗ nên nhiều người ngồi ngay trước phòng xử và theo dõi qua loa.\r\n\r\nTheo thông báo của thư ký phiên tòa, HĐXX triệu tập một phụ nữ tên Nhàn đến làm chứng song chị này vắng mặt. '),
(1069, 'Gudbrandsdalsost', 36, 0, '1069.jpg', 1003, b'0', 36, '2018-04-20', 'Sáng nay (ngày 20/4), TAND thành phố Yên Bái (tỉnh Yên Bái) mở phiên sơ thẩm xét xử Lê Duy Phong (33 tuổi, cựu trưởng ban bạn đọc báo điện tử Giáo dục Việt Nam) về hành vi cưỡng đoạt tài sản, theo điều 170 Bộ luật hình sự 2015, khung hình phạt 7-15 năm tù.\r\n\r\nBị cáo Phong có ba luật sư bào chữa. Phiên xử dự kiến diễn ra trong một ngày với bảy người làm chứng bị triệu tập.\r\n\r\nTừ sáng sớm, an ninh tại TAND thành phố Yên Bái được thắt chặt. Hơn 50 người ngồi chật cứng trong phòng xét xử. Phóng viên tác nghiệp ở phòng riêng song chỉ có 12 chỗ nên nhiều người ngồi ngay trước phòng xử và theo dõi qua loa.\r\n\r\nTheo thông báo của thư ký phiên tòa, HĐXX triệu tập một phụ nữ tên Nhàn đến làm chứng song chị này vắng mặt. '),
(1070, 'Outback Lager', 15, 0, '1070.jpg', 1000, b'0', 16, '2018-04-20', 'Sáng nay (ngày 20/4), TAND thành phố Yên Bái (tỉnh Yên Bái) mở phiên sơ thẩm xét xử Lê Duy Phong (33 tuổi, cựu trưởng ban bạn đọc báo điện tử Giáo dục Việt Nam) về hành vi cưỡng đoạt tài sản, theo điều 170 Bộ luật hình sự 2015, khung hình phạt 7-15 năm tù.\r\n\r\nBị cáo Phong có ba luật sư bào chữa. Phiên xử dự kiến diễn ra trong một ngày với bảy người làm chứng bị triệu tập.\r\n\r\nTừ sáng sớm, an ninh tại TAND thành phố Yên Bái được thắt chặt. Hơn 50 người ngồi chật cứng trong phòng xét xử. Phóng viên tác nghiệp ở phòng riêng song chỉ có 12 chỗ nên nhiều người ngồi ngay trước phòng xử và theo dõi qua loa.\r\n\r\nTheo thông báo của thư ký phiên tòa, HĐXX triệu tập một phụ nữ tên Nhàn đến làm chứng song chị này vắng mặt. '),
(1071, 'Flotemysost', 21.5, 0, '1071.jpg', 1003, b'0', 21, '2018-04-20', 'Sáng nay (ngày 20/4), TAND thành phố Yên Bái (tỉnh Yên Bái) mở phiên sơ thẩm xét xử Lê Duy Phong (33 tuổi, cựu trưởng ban bạn đọc báo điện tử Giáo dục Việt Nam) về hành vi cưỡng đoạt tài sản, theo điều 170 Bộ luật hình sự 2015, khung hình phạt 7-15 năm tù.\r\n\r\nBị cáo Phong có ba luật sư bào chữa. Phiên xử dự kiến diễn ra trong một ngày với bảy người làm chứng bị triệu tập.\r\n\r\nTừ sáng sớm, an ninh tại TAND thành phố Yên Bái được thắt chặt. Hơn 50 người ngồi chật cứng trong phòng xét xử. Phóng viên tác nghiệp ở phòng riêng song chỉ có 12 chỗ nên nhiều người ngồi ngay trước phòng xử và theo dõi qua loa.\r\n\r\nTheo thông báo của thư ký phiên tòa, HĐXX triệu tập một phụ nữ tên Nhàn đến làm chứng song chị này vắng mặt. '),
(1072, 'Mozzarella di Giovanni', 34.8, 0, '1072.jpg', 1003, b'0', 34, '2018-04-20', 'Sáng nay (ngày 20/4), TAND thành phố Yên Bái (tỉnh Yên Bái) mở phiên sơ thẩm xét xử Lê Duy Phong (33 tuổi, cựu trưởng ban bạn đọc báo điện tử Giáo dục Việt Nam) về hành vi cưỡng đoạt tài sản, theo điều 170 Bộ luật hình sự 2015, khung hình phạt 7-15 năm tù.\r\n\r\nBị cáo Phong có ba luật sư bào chữa. Phiên xử dự kiến diễn ra trong một ngày với bảy người làm chứng bị triệu tập.\r\n\r\nTừ sáng sớm, an ninh tại TAND thành phố Yên Bái được thắt chặt. Hơn 50 người ngồi chật cứng trong phòng xét xử. Phóng viên tác nghiệp ở phòng riêng song chỉ có 12 chỗ nên nhiều người ngồi ngay trước phòng xử và theo dõi qua loa.\r\n\r\nTheo thông báo của thư ký phiên tòa, HĐXX triệu tập một phụ nữ tên Nhàn đến làm chứng song chị này vắng mặt. '),
(1073, 'Rad Kaviar', 15, 0, '1073.jpg', 1007, b'0', 15, '2018-04-20', 'Sáng nay (ngày 20/4), TAND thành phố Yên Bái (tỉnh Yên Bái) mở phiên sơ thẩm xét xử Lê Duy Phong (33 tuổi, cựu trưởng ban bạn đọc báo điện tử Giáo dục Việt Nam) về hành vi cưỡng đoạt tài sản, theo điều 170 Bộ luật hình sự 2015, khung hình phạt 7-15 năm tù.\r\n\r\nBị cáo Phong có ba luật sư bào chữa. Phiên xử dự kiến diễn ra trong một ngày với bảy người làm chứng bị triệu tập.\r\n\r\nTừ sáng sớm, an ninh tại TAND thành phố Yên Bái được thắt chặt. Hơn 50 người ngồi chật cứng trong phòng xét xử. Phóng viên tác nghiệp ở phòng riêng song chỉ có 12 chỗ nên nhiều người ngồi ngay trước phòng xử và theo dõi qua loa.\r\n\r\nTheo thông báo của thư ký phiên tòa, HĐXX triệu tập một phụ nữ tên Nhàn đến làm chứng song chị này vắng mặt. '),
(1074, 'Longlife Tofu', 10, 0, '1074.jpg', 1006, b'0', 11, '2018-04-20', 'Sáng nay (ngày 20/4), TAND thành phố Yên Bái (tỉnh Yên Bái) mở phiên sơ thẩm xét xử Lê Duy Phong (33 tuổi, cựu trưởng ban bạn đọc báo điện tử Giáo dục Việt Nam) về hành vi cưỡng đoạt tài sản, theo điều 170 Bộ luật hình sự 2015, khung hình phạt 7-15 năm tù.\r\n\r\nBị cáo Phong có ba luật sư bào chữa. Phiên xử dự kiến diễn ra trong một ngày với bảy người làm chứng bị triệu tập.\r\n\r\nTừ sáng sớm, an ninh tại TAND thành phố Yên Bái được thắt chặt. Hơn 50 người ngồi chật cứng trong phòng xét xử. Phóng viên tác nghiệp ở phòng riêng song chỉ có 12 chỗ nên nhiều người ngồi ngay trước phòng xử và theo dõi qua loa.\r\n\r\nTheo thông báo của thư ký phiên tòa, HĐXX triệu tập một phụ nữ tên Nhàn đến làm chứng song chị này vắng mặt. '),
(1075, 'RhanbrAu Klosterbier', 7.75, 0, '1075.jpg', 1000, b'0', 7, '2018-04-20', 'Sáng nay (ngày 20/4), TAND thành phố Yên Bái (tỉnh Yên Bái) mở phiên sơ thẩm xét xử Lê Duy Phong (33 tuổi, cựu trưởng ban bạn đọc báo điện tử Giáo dục Việt Nam) về hành vi cưỡng đoạt tài sản, theo điều 170 Bộ luật hình sự 2015, khung hình phạt 7-15 năm tù.\r\n\r\nBị cáo Phong có ba luật sư bào chữa. Phiên xử dự kiến diễn ra trong một ngày với bảy người làm chứng bị triệu tập.\r\n\r\nTừ sáng sớm, an ninh tại TAND thành phố Yên Bái được thắt chặt. Hơn 50 người ngồi chật cứng trong phòng xét xử. Phóng viên tác nghiệp ở phòng riêng song chỉ có 12 chỗ nên nhiều người ngồi ngay trước phòng xử và theo dõi qua loa.\r\n\r\nTheo thông báo của thư ký phiên tòa, HĐXX triệu tập một phụ nữ tên Nhàn đến làm chứng song chị này vắng mặt. '),
(1076, 'Lakkalik AAri', 18, 0, '1076.jpg', 1000, b'0', 18, '2018-04-20', 'Sáng nay (ngày 20/4), TAND thành phố Yên Bái (tỉnh Yên Bái) mở phiên sơ thẩm xét xử Lê Duy Phong (33 tuổi, cựu trưởng ban bạn đọc báo điện tử Giáo dục Việt Nam) về hành vi cưỡng đoạt tài sản, theo điều 170 Bộ luật hình sự 2015, khung hình phạt 7-15 năm tù.\r\n\r\nBị cáo Phong có ba luật sư bào chữa. Phiên xử dự kiến diễn ra trong một ngày với bảy người làm chứng bị triệu tập.\r\n\r\nTừ sáng sớm, an ninh tại TAND thành phố Yên Bái được thắt chặt. Hơn 50 người ngồi chật cứng trong phòng xét xử. Phóng viên tác nghiệp ở phòng riêng song chỉ có 12 chỗ nên nhiều người ngồi ngay trước phòng xử và theo dõi qua loa.\r\n\r\nTheo thông báo của thư ký phiên tòa, HĐXX triệu tập một phụ nữ tên Nhàn đến làm chứng song chị này vắng mặt. '),
(1077, 'Original Frankfurter grane Soae', 13, 0, '1077.gif', 1001, b'1', 13, '2018-04-20', 'Sáng nay (ngày 20/4), TAND thành phố Yên Bái (tỉnh Yên Bái) mở phiên sơ thẩm xét xử Lê Duy Phong (33 tuổi, cựu trưởng ban bạn đọc báo điện tử Giáo dục Việt Nam) về hành vi cưỡng đoạt tài sản, theo điều 170 Bộ luật hình sự 2015, khung hình phạt 7-15 năm tù.\r\n\r\nBị cáo Phong có ba luật sư bào chữa. Phiên xử dự kiến diễn ra trong một ngày với bảy người làm chứng bị triệu tập.\r\n\r\nTừ sáng sớm, an ninh tại TAND thành phố Yên Bái được thắt chặt. Hơn 50 người ngồi chật cứng trong phòng xét xử. Phóng viên tác nghiệp ở phòng riêng song chỉ có 12 chỗ nên nhiều người ngồi ngay trước phòng xử và theo dõi qua loa.\r\n\r\nTheo thông báo của thư ký phiên tòa, HĐXX triệu tập một phụ nữ tên Nhàn đến làm chứng song chị này vắng mặt. '),
(1081, 'Chai', 19, 0, '1081.jpg', 1000, b'0', 19, '2018-04-20', 'Sáng nay (ngày 20/4), TAND thành phố Yên Bái (tỉnh Yên Bái) mở phiên sơ thẩm xét xử Lê Duy Phong (33 tuổi, cựu trưởng ban bạn đọc báo điện tử Giáo dục Việt Nam) về hành vi cưỡng đoạt tài sản, theo điều 170 Bộ luật hình sự 2015, khung hình phạt 7-15 năm tù.\r\n\r\nBị cáo Phong có ba luật sư bào chữa. Phiên xử dự kiến diễn ra trong một ngày với bảy người làm chứng bị triệu tập.\r\n\r\nTừ sáng sớm, an ninh tại TAND thành phố Yên Bái được thắt chặt. Hơn 50 người ngồi chật cứng trong phòng xét xử. Phóng viên tác nghiệp ở phòng riêng song chỉ có 12 chỗ nên nhiều người ngồi ngay trước phòng xử và theo dõi qua loa.\r\n\r\nTheo thông báo của thư ký phiên tòa, HĐXX triệu tập một phụ nữ tên Nhàn đến làm chứng song chị này vắng mặt. ');

-- --------------------------------------------------------

--
-- Table structure for table `khach_hang`
--

CREATE TABLE `khach_hang` (
  `ma_kh` varchar(20) COLLATE utf8_bin NOT NULL,
  `mat_khau` varchar(50) COLLATE utf8_bin NOT NULL,
  `ho_ten` varchar(50) COLLATE utf8_bin NOT NULL,
  `email` varchar(50) COLLATE utf8_bin NOT NULL,
  `hinh` varchar(50) COLLATE utf8_bin NOT NULL,
  `kich_hoat` bit(1) NOT NULL,
  `vai_tro` bit(1) NOT NULL
) ENGINE=InnoDB DEFAULT CHARSET=utf8 COLLATE=utf8_bin;

--
-- Dumping data for table `khach_hang`
--

INSERT INTO `khach_hang` (`ma_kh`, `mat_khau`, `ho_ten`, `email`, `hinh`, `kich_hoat`, `vai_tro`) VALUES
('DucNH', 'iloveyou', 'Nguyễn Hoàng Đức', 'ducnh@gmail.com', 'maxresdefault.jpg', b'1', b'0'),
('HoaPT', 'iloveyou', 'PHẠM THỊ HÒA', 'hoapt@gmail.com', 'resus.jpg', b'1', b'1'),
('nopt', '', 'Phạm Thị Nở', 'nopt@gmail.com', 'hongson.jpg', b'1', b'0'),
('teonv', 'iloveyou', 'Nguyễn Văn Tèo', 'teonv@gmail.com', 'messi.jpg', b'1', b'0');

-- --------------------------------------------------------

--
-- Table structure for table `loai`
--

CREATE TABLE `loai` (
  `ma_loai` int(11) NOT NULL,
  `ten_loai` varchar(50) COLLATE utf8_bin NOT NULL
) ENGINE=InnoDB DEFAULT CHARSET=utf8 COLLATE=utf8_bin;

--
-- Dumping data for table `loai`
--

INSERT INTO `loai` (`ma_loai`, `ten_loai`) VALUES
(1000, 'Đồng hồ đeo tay'),
(1001, 'Máy tính xách tay'),
(1002, 'Máy ảnh'),
(1003, 'Điện thoại'),
(1004, 'Nước hoa'),
(1005, 'Nữ trang'),
(1006, 'Nón thời trang'),
(1007, 'Túi xách du lịch');

--
-- Indexes for dumped tables
--

--
-- Indexes for table `binh_luan`
--
ALTER TABLE `binh_luan`
  ADD PRIMARY KEY (`ma_bl`),
  ADD KEY `FK_KhachHang_BinhLuan` (`ma_kh`),
  ADD KEY `FK_HangHoa_BinhLuan` (`ma_hh`);

--
-- Indexes for table `hang_hoa`
--
ALTER TABLE `hang_hoa`
  ADD PRIMARY KEY (`ma_hh`),
  ADD KEY `FK_Loai_HangHoa` (`ma_loai`);

--
-- Indexes for table `khach_hang`
--
ALTER TABLE `khach_hang`
  ADD PRIMARY KEY (`ma_kh`);

--
-- Indexes for table `loai`
--
ALTER TABLE `loai`
  ADD PRIMARY KEY (`ma_loai`);

--
-- AUTO_INCREMENT for dumped tables
--

--
-- AUTO_INCREMENT for table `binh_luan`
--
ALTER TABLE `binh_luan`
  MODIFY `ma_bl` int(11) NOT NULL AUTO_INCREMENT, AUTO_INCREMENT=30;

--
-- AUTO_INCREMENT for table `hang_hoa`
--
ALTER TABLE `hang_hoa`
  MODIFY `ma_hh` int(11) NOT NULL AUTO_INCREMENT, AUTO_INCREMENT=1082;

--
-- AUTO_INCREMENT for table `loai`
--
ALTER TABLE `loai`
  MODIFY `ma_loai` int(11) NOT NULL AUTO_INCREMENT, AUTO_INCREMENT=1008;

--
-- Constraints for dumped tables
--

--
-- Constraints for table `binh_luan`
--
ALTER TABLE `binh_luan`
  ADD CONSTRAINT `FK_HangHoa_BinhLuan` FOREIGN KEY (`ma_hh`) REFERENCES `hang_hoa` (`ma_hh`) ON DELETE CASCADE,
  ADD CONSTRAINT `FK_KhachHang_BinhLuan` FOREIGN KEY (`ma_kh`) REFERENCES `khach_hang` (`ma_kh`) ON DELETE CASCADE ON UPDATE CASCADE;

--
-- Constraints for table `hang_hoa`
--
ALTER TABLE `hang_hoa`
  ADD CONSTRAINT `FK_Loai_HangHoa` FOREIGN KEY (`ma_loai`) REFERENCES `loai` (`ma_loai`) ON DELETE CASCADE;
COMMIT;

/*!40101 SET CHARACTER_SET_CLIENT=@OLD_CHARACTER_SET_CLIENT */;
/*!40101 SET CHARACTER_SET_RESULTS=@OLD_CHARACTER_SET_RESULTS */;
/*!40101 SET COLLATION_CONNECTION=@OLD_COLLATION_CONNECTION */;
